simyear,jday,rain_mm,eto_mm
1,121,0,5.9987623870352147
1,122,0,6.3165883648113326
1,123,0,6.1748976085569005
1,124,0,6.1838879452454929
1,125,0,6.5812273911725576
1,126,0,5.1016353739195504
1,127,0,3.8258405452310456
1,128,1.8999999999999999,1.7605429160633381
1,129,7.5,3.2686034308883105
1,130,0,7.2253013533278274
1,131,0.80000000000000004,2.5619622094028562
1,132,0,6.1938354267999749
1,133,0,3.7662466996103978
1,134,1.7,1.4997481192468063
1,135,8.3000000000000007,1.8747121770227071
1,136,0,3.5762423239837133
1,137,0,5.1623297267283696
1,138,0,7.508019420223655
1,139,0,6.2495204529973716
1,140,0,7.2288539493779851
1,141,0,5.9682644356167405
1,142,0,5.2212069695122167
1,143,0,8.6566133676956856
1,144,0,5.3076533564115769
1,145,0,6.4014012371314895
1,146,0,4.6853927054379847
1,147,3,5.1809225854669432
1,148,37.299999999999997,5.1703098480836198
1,149,0,7.8801784421777317
1,150,0,6.5227213277578677
1,151,0,8.052446438469465
1,152,0.80000000000000004,4.3800222603371122
1,153,16.800000000000001,4.5807804500251708
1,154,0,6.7449068961537417
1,155,0,7.5335090568769356
1,156,1.3,3.6549329718217098
1,157,0,6.3617253479977798
1,158,0,7.9224878615137264
1,159,0,8.5765477849761833
1,160,18.300000000000001,5.6984830373745989
1,161,0,6.3018536612166525
1,162,0,7.1990432782937344
1,163,0,7.2162067775039134
1,164,0,6.5040714371350257
1,165,0,8.0633656739991135
1,166,0,8.919217485147513
1,167,0,6.3577615241163699
1,168,0,8.5832818268145257
1,169,0,7.1287537330373123
1,170,19.699999999999999,8.5084953913487773
1,171,0,6.6508663986830623
1,172,0,10.096107001767688
1,173,0,6.4100321224311454
1,174,0,5.3264333158936621
1,175,0,5.9875072880059905
1,176,0,4.9599611986589531
1,177,0,7.5456874661669211
1,178,0,7.5520011906693512
1,179,0,6.8233345214808452
1,180,0,7.2181075104511159
1,181,0,5.6044412016091911
1,182,0,7.5753422736251856
1,183,3.1000000000000001,6.7796922774468618
1,184,0,8.9274184742282401
1,185,0,5.7845107975124721
1,186,2.8999999999999999,4.5846683745207173
1,187,0,8.2442060187618953
1,188,0,6.819708720524833
1,189,0,7.2264676387515472
1,190,0,8.1565333337734813
1,191,0,6.1491857881949707
1,192,7.9000000000000004,6.7104747448740181
1,193,0,3.9703404552468609
1,194,0,7.3154522886762106
1,195,1,7.6752993134161756
1,196,0,9.265103644822517
1,197,0,7.2658627257560786
1,198,0,6.450900540321852
1,199,0,7.5649349242091599
1,200,2.6000000000000001,2.7750729505865013
1,201,0,5.5094679734434315
1,202,0,5.8454882778456181
1,203,0,7.8731792490397066
1,204,0,7.0614928095984872
1,205,15.699999999999999,5.3113031658486154
1,206,0,5.9556250506584423
1,207,0,8.531727770406647
1,208,19.800000000000001,3.1658881315744778
1,209,0,8.2955466361213652
1,210,0,6.8835741773191685
1,211,0,6.2314625918085795
1,212,0,7.5815190933792298
1,213,0,7.1921421046919347
1,214,0.5,3.5048228004285416
1,215,0.69999999999999996,6.2841263328405024
1,216,0,6.6088204760782396
1,217,0,7.9411285380740058
1,218,0,7.1532739687264018
1,219,0,5.3158578088231163
1,220,0,5.8658782744977849
1,221,0,6.7810724945407808
1,222,0,5.463707818843579
1,223,1.1000000000000001,5.7050215120710099
1,224,0,2.5330892818267445
1,225,7.0999999999999996,2.3512433850737455
1,226,8.4000000000000004,4.8677326069334281
1,227,0,7.6954040577032341
1,228,0,7.1787034460851098
1,229,0,6.6115066594439167
1,230,0,4.8534386440669959
1,231,0,5.9664682149020836
1,232,0,2.7247687487632755
1,233,0,2.57197246018869
1,234,0,5.2768081181605586
1,235,0,6.6659816923085717
1,236,38.399999999999999,5.4231727153761025
1,237,0,5.8511734901869001
1,238,0,6.9115473211797198
1,239,0,6.0527700950410033
1,240,0,6.0412093630658532
1,241,14.9,5.7343460639284629
1,242,16.399999999999999,4.5772117330356838
2,121,0,6.1065203337371567
2,122,0,4.8172365563922259
2,123,3.3999999999999999,3.5047619055547563
2,124,0,5.2114670385567248
2,125,0,6.4783124034392703
2,126,7.4000000000000004,2.4830329273844471
2,127,0,5.1797521922530301
2,128,0,6.2357913634748154
2,129,0,4.1233518170599197
2,130,0,3.6687374793613516
2,131,0,7.2295131317341799
2,132,0,7.1309957235127737
2,133,0,7.3557575384045943
2,134,0,4.6622465909236919
2,135,0,6.8489851950254526
2,136,0,5.4760409753018413
2,137,0,6.7288105025812763
2,138,0,6.6718723883049904
2,139,0,7.4619035248817607
2,140,0,5.696034595528225
2,141,0,5.1933512436647513
2,142,0,4.2046023097202578
2,143,0,5.8459015760591448
2,144,31.5,3.5314657981821007
2,145,27.5,4.7595396721011305
2,146,2.2000000000000002,5.0385627358322651
2,147,0,5.7638597167380778
2,148,0,6.2102052194649957
2,149,0,6.4269963435417576
2,150,0,5.5528710440311961
2,151,0,6.5365537526601507
2,152,0,8.0499093240419821
2,153,0,7.2214175694393932
2,154,0,6.4507776074551915
2,155,0,5.9152874472584331
2,156,3.2000000000000002,6.3091667565324823
2,157,0,8.4183285892064923
2,158,0,6.8506627633948769
2,159,0.90000000000000002,7.0027919571935122
2,160,1.3999999999999999,8.2215430750422875
2,161,0,7.7736972398796862
2,162,0,4.7843986261856113
2,163,5.2000000000000002,5.3369569378801538
2,164,5.7999999999999998,6.6204710420959669
2,165,0,7.2593792221249327
2,166,0,8.2454415097981535
2,167,0,7.147078601266692
2,168,1.1000000000000001,2.7902604885051172
2,169,12.800000000000001,3.6078561174661177
2,170,0.80000000000000004,6.0780370275767224
2,171,0,6.422382259087474
2,172,0,8.0507582452469233
2,173,0,8.8852406283138414
2,174,4.5,2.2908925080924272
2,175,0,7.644848531509318
2,176,0,8.6032246678815874
2,177,0,9.4635895277919921
2,178,0,8.1930187910712533
2,179,0,8.6732572554705722
2,180,0,8.6193701975902641
2,181,0,6.1388500992262438
2,182,0,6.1281659608017192
2,183,11.9,4.0183572227312903
2,184,0.69999999999999996,6.5019731710572835
2,185,0,7.577884279103861
2,186,0,3.6901242257657905
2,187,0,6.8232277722589139
2,188,0.69999999999999996,6.4845878204580671
2,189,1,6.6522607294960876
2,190,0,5.9215017291402798
2,191,0,7.7274216424462514
2,192,0,8.2180409497472802
2,193,0,6.5720208524022112
2,194,0,8.6710705145247147
2,195,0,6.9260814466379248
2,196,0,7.2330087592515984
2,197,0,8.239554153869971
2,198,0,7.1281686495580683
2,199,4.0999999999999996,1.8897389636840614
2,200,0,7.4775869313422021
2,201,0,7.5906970253090842
2,202,0,5.9396989122064401
2,203,0,8.2331501130916696
2,204,7.7999999999999998,6.1619865104457618
2,205,0,6.969626752364726
2,206,0,6.7046279263910584
2,207,0.69999999999999996,7.023558087075366
2,208,0,7.2911358537941551
2,209,0,6.67820895503597
2,210,0,5.3127565449574981
2,211,40,6.3184938592776509
2,212,2,5.5089039111483515
2,213,0.59999999999999998,6.5988853837387911
2,214,0,6.4033300645178741
2,215,17.399999999999999,7.7816334015790751
2,216,0,7.8045327895745373
2,217,0,7.4262802470468277
2,218,0,6.8468486091589833
2,219,0,5.8919589897457101
2,220,0,5.8336341280533865
2,221,0,3.4346116085259815
2,222,0.80000000000000004,6.3120709257783885
2,223,3.7999999999999998,2.3307221758985275
2,224,0,5.8306547340872328
2,225,0,6.8268771985881038
2,226,3.3999999999999999,6.7476817876625992
2,227,0,7.096605525408763
2,228,1.8,4.176878967908257
2,229,0,6.7115405213927097
2,230,11,4.6032684606868273
2,231,0,6.4260027325248901
2,232,0,5.8131235646703256
2,233,22.199999999999999,4.9289559551013138
2,234,0,6.6060054964683781
2,235,0.80000000000000004,4.3652961815567792
2,236,17.899999999999999,5.0549909896047387
2,237,0,6.8161527206753352
2,238,0,2.8356291434817598
2,239,0,6.3767687497471224
2,240,0,6.7302249755034822
2,241,4,6.9081703102156649
2,242,0,7.3379518614205956
3,121,13.9,1.8811114511742244
3,122,8.4000000000000004,2.3966797349688576
3,123,9.4000000000000004,1.7612238993670495
3,124,0,6.8221321313908856
3,125,2.1000000000000001,3.855998701673176
3,126,0,2.5984298160259449
3,127,0,7.0847358933387605
3,128,0,4.3740432539789555
3,129,0,5.2253051670226593
3,130,0.80000000000000004,1.88166517921016
3,131,2.1000000000000001,1.4551282227209594
3,132,11.199999999999999,2.0181790785691551
3,133,0,5.730545120051362
3,134,20.899999999999999,7.0181782327319571
3,135,4.9000000000000004,5.6989125164577921
3,136,7.2000000000000002,5.4650334952922623
3,137,0.40000000000000002,3.8739494809520343
3,138,2.7000000000000002,4.2279302366523064
3,139,4,4.2870034908011228
3,140,0,1.5355854431642604
3,141,0,5.4830937093488901
3,142,4.5,4.6229929553430109
3,143,0.69999999999999996,1.8342508984515196
3,144,2.1000000000000001,5.612956793112116
3,145,5.7000000000000002,2.6522760467577204
3,146,0,6.5801095770031832
3,147,0,5.0115038732823836
3,148,0,5.8154678776114617
3,149,13.4,2.6209038807470124
3,150,0,6.1195498002098798
3,151,0,6.4798386257542173
3,152,1.3999999999999999,4.5497030245507997
3,153,0,5.3140125608869688
3,154,0,5.2283172597165191
3,155,0,8.5728802055929751
3,156,0,8.5886024162021339
3,157,0,6.3667473182672669
3,158,0,7.2766520930447474
3,159,0,5.2790012903086012
3,160,0,8.765011527961045
3,161,3.7999999999999998,6.7084702440472341
3,162,6.4000000000000004,5.1890616199210635
3,163,0,6.1741818419160488
3,164,0,7.6670637141355753
3,165,17.100000000000001,6.6439179846584153
3,166,0,7.1580337964911198
3,167,0,5.3213656522581649
3,168,0,8.4241574834014461
3,169,0,6.8291307657532521
3,170,0,6.5064222885533329
3,171,0,4.4951430169395064
3,172,0,7.064166939321268
3,173,0,7.9584687027821897
3,174,1.3,5.5745365012376542
3,175,2.2999999999999998,6.0674186586959067
3,176,1.2,7.3007385938085978
3,177,0,6.7204766866003194
3,178,0,5.5861754348166555
3,179,0,7.3909518363702666
3,180,0,7.9798892632590945
3,181,0,7.4862389249172621
3,182,0,7.398049056984858
3,183,0,4.5974145071967287
3,184,0,6.3362609141406825
3,185,0,7.2228238873334636
3,186,2,4.1754625582144911
3,187,0.90000000000000002,7.0228513799545116
3,188,0,7.8221042148164255
3,189,0,4.3488107004648864
3,190,0,6.0917918440971102
3,191,0,5.5804675978869458
3,192,14.800000000000001,7.59825939707987
3,193,9.3000000000000007,4.3064681466876404
3,194,9.6999999999999993,4.6041209149543239
3,195,0,7.6867686223211713
3,196,0,8.7785089370220408
3,197,0,7.3086402179594732
3,198,0,8.7703461828887797
3,199,6.0999999999999996,7.6643205101662222
3,200,9.3000000000000007,7.2178539510888484
3,201,3.6000000000000001,4.3266846547780986
3,202,3.6000000000000001,6.3914098697179602
3,203,0,7.1195634714125831
3,204,0,6.9761738674797167
3,205,0,7.2172240279157478
3,206,4,6.5012554925325858
3,207,2.6000000000000001,4.738954452496281
3,208,0,6.71090699385649
3,209,0,8.0341775106064617
3,210,0,7.0005344381158396
3,211,0,8.0066406253595055
3,212,0,7.0163757925430978
3,213,12.5,5.9380743857552032
3,214,19,6.6585172915852793
3,215,4.4000000000000004,6.2177090985052414
3,216,0,7.2349271846415606
3,217,0,6.2226256297375029
3,218,0,5.5555797796899746
3,219,0,6.3470141674970257
3,220,2.3999999999999999,3.5152896543347061
3,221,0,3.6915378498034626
3,222,0,7.0592141005042297
3,223,0,5.0495781793100694
3,224,0,7.3701427077128114
3,225,0,5.3910966637995097
3,226,0,5.7728553158736684
3,227,0,7.7496117405530764
3,228,2.2000000000000002,5.0810629713152728
3,229,0,4.819443205904518
3,230,0,6.7495875698545875
3,231,0,5.3854890768924166
3,232,0,5.8944452303356281
3,233,0,6.5923167986875812
3,234,0,6.8929341375699202
3,235,0,5.2489428747637135
3,236,2.7000000000000002,7.0946772748281015
3,237,0,4.4328260175389067
3,238,0.59999999999999998,4.3286335323701381
3,239,0.80000000000000004,5.4606142866022482
3,240,0,5.7722847102331922
3,241,0,6.1058078531776534
3,242,0,6.4990266149845146
4,121,0,8.1342380139489538
4,122,0,7.0780647803271073
4,123,0,4.8821775829522345
4,124,0,3.607170315270162
4,125,0,3.878105572368951
4,126,11.800000000000001,3.4053163512241462
4,127,1,1.9295510671379725
4,128,0,6.2920884364049723
4,129,0,2.6037998701608402
4,130,0,5.4843028986055353
4,131,0,5.7989033857606493
4,132,0,4.3279293328946125
4,133,3.2000000000000002,1.805739121205806
4,134,0.40000000000000002,2.7279861613377308
4,135,1.1000000000000001,2.2203865948470365
4,136,0,5.5582872162507879
4,137,28.899999999999999,0.71884133261150474
4,138,0,5.4600643063489587
4,139,0,3.0234717833102422
4,140,0,5.9037872911220433
4,141,0.59999999999999998,3.8353824558354539
4,142,0,5.3150164929379962
4,143,5.2999999999999998,2.0667129467325829
4,144,0,5.8147834805324337
4,145,0,6.6189788936917449
4,146,0,6.6520652887884468
4,147,0,6.6429926022292012
4,148,0,6.1921955309585934
4,149,8.8000000000000007,2.634386216239371
4,150,3,5.7626635406966678
4,151,0,5.760240660487975
4,152,2.7000000000000002,5.4118815673167084
4,153,0,7.4717855348985314
4,154,0,6.5770361441240857
4,155,2.5,4.32696370604382
4,156,1.3999999999999999,4.7840655011686462
4,157,0,7.3035689111708191
4,158,0,6.0079180159456644
4,159,0.80000000000000004,5.3373453312669357
4,160,6.5999999999999996,8.4473967567072936
4,161,0,5.4834004829250977
4,162,0,9.618621729948881
4,163,0,9.016459959359068
4,164,1.3,5.6532303829597952
4,165,0,7.6612736193842066
4,166,0,10.303785536503121
4,167,0,4.9383440646879464
4,168,7.2999999999999998,7.6615204160780603
4,169,1.1000000000000001,4.9642814728385787
4,170,0,7.5869699109834237
4,171,0,8.0297040649022762
4,172,0,8.803444942303587
4,173,0,6.976363349342563
4,174,0,6.3549020205838342
4,175,0,4.4875508906457968
4,176,0,6.7804154636082412
4,177,0,7.0005773125237347
4,178,13.1,7.9153125921295899
4,179,8,1.5469127279492911
4,180,0,7.5810618291006318
4,181,0,5.0311010476671303
4,182,0,6.6335106952529896
4,183,0,6.5811586799449646
4,184,7.4000000000000004,4.6307011450344877
4,185,30.899999999999999,5.4368956309751013
4,186,0,6.4815325434410687
4,187,0,6.606108914299571
4,188,0,7.8889936507847231
4,189,0,7.8045477368412008
4,190,0,7.9490004523289803
4,191,0,8.7665288939613717
4,192,0,6.9626509961742418
4,193,0,6.0207142695219691
4,194,0,7.0168632079282034
4,195,0,9.0209883448858381
4,196,0,5.8120290893471491
4,197,0,7.6427453313649965
4,198,0,7.2404686223805035
4,199,0,7.0040007412014962
4,200,0,8.6611062689893092
4,201,0,7.8113663591694644
4,202,0,7.0825738350429219
4,203,0,8.3504168177493217
4,204,0,6.8331167585188215
4,205,0,6.9673446676682822
4,206,0,6.9405615007519739
4,207,0,8.6794881479727213
4,208,1.2,3.8502174348118152
4,209,0,5.8037815659100342
4,210,0,7.592890784827965
4,211,2.2999999999999998,4.8327178402624851
4,212,8.1999999999999993,5.5839034432498789
4,213,0.90000000000000002,6.3692447213417545
4,214,1.7,5.0394708359865756
4,215,0,6.4405322912840903
4,216,0,7.2671510116748212
4,217,17.300000000000001,7.399992183048445
4,218,0,6.5318942613131652
4,219,7.7999999999999998,3.7435296856908753
4,220,0,5.3463012872106113
4,221,0,5.7254560883236376
4,222,0,7.0234004561960059
4,223,0,6.5275477623792799
4,224,0,5.5819672415268418
4,225,31.600000000000001,5.43033979739013
4,226,0,6.1236247963017201
4,227,0,4.6355837253121255
4,228,0,6.5228710072944214
4,229,0,6.7551500697053637
4,230,0,5.2863019223397743
4,231,0,7.7392600427476648
4,232,0,4.7064105152225384
4,233,0,7.1863426816860496
4,234,0,4.7911003257107598
4,235,0,6.5842626799054722
4,236,0,5.692271528259079
4,237,0,5.9978497736642744
4,238,0,6.2698667545023223
4,239,0,5.0539055833841324
4,240,0,5.002799811420461
4,241,0,7.2545806100826669
4,242,0,6.8246163405970357
5,121,0,3.0211274696502786
5,122,0,6.0091950452392471
5,123,0,5.1276502811285667
5,124,0,3.8492483992641646
5,125,0.59999999999999998,2.0230805405512764
5,126,1.3999999999999999,4.042503422018366
5,127,2.3999999999999999,2.1669611108973075
5,128,0,5.6089769846944098
5,129,0,5.6904971181083779
5,130,0.40000000000000002,1.00804252159744
5,131,4.9000000000000004,3.6497640895910166
5,132,0,5.6600013680393912
5,133,0,5.8603641444958692
5,134,0,6.9331622535264206
5,135,0,5.4681237062527641
5,136,0,6.3226885495769682
5,137,0,5.100332953835041
5,138,0,5.1654927559778905
5,139,1,1.6430626477745502
5,140,2.2000000000000002,7.3496275702677849
5,141,0,6.2378672507431876
5,142,0,6.1036580771546802
5,143,0.80000000000000004,5.1620115748524933
5,144,0.40000000000000002,1.4914737359627364
5,145,12.1,4.1480457394835124
5,146,0,6.6474383011080418
5,147,0,5.2339936849228472
5,148,0,6.6286224105471092
5,149,0,7.7658874601332943
5,150,0,7.2639500042740544
5,151,16.699999999999999,3.210127962401967
5,152,3.7000000000000002,2.8824616049363954
5,153,0,7.7544905957571837
5,154,1,4.7322459854250694
5,155,0,6.0325128695957178
5,156,0,6.2091295625327092
5,157,10.9,4.7043128820859668
5,158,0,7.3803411244762778
5,159,0,6.0299939900238888
5,160,0,7.1634395405076585
5,161,0,5.9345280002463623
5,162,0,5.8504200898860805
5,163,0,8.2074133148833539
5,164,0,7.0549286724968781
5,165,0,5.9590835589909696
5,166,1,6.7757793095451015
5,167,0,8.4627869625274528
5,168,0,7.6362002682015921
5,169,0,5.7934630373066538
5,170,0,7.567478065636184
5,171,3.2999999999999998,5.372077200060124
5,172,0,5.1862181146735526
5,173,0,7.2249086072862276
5,174,12.5,4.1419254196128144
5,175,16.399999999999999,5.3775325583806532
5,176,5,3.7571279706715166
5,177,0,5.9051718401116675
5,178,0,9.1935268314436698
5,179,21.800000000000001,7.0323155785036446
5,180,1.3,4.8619971189245117
5,181,0,8.2699706663431378
5,182,11.6,3.6507740796272516
5,183,19.300000000000001,4.9945255134655291
5,184,0,5.6222356156002302
5,185,0,8.5287002218765
5,186,0,6.0887778280059539
5,187,0,5.2471944752724733
5,188,0,8.450108258076602
5,189,0,6.8783981844736637
5,190,0,7.476815140447056
5,191,0,7.4048393877422498
5,192,4.5999999999999996,7.2854865694461752
5,193,0,7.4315338093467185
5,194,0,6.3772291560454342
5,195,0,7.8968697002892263
5,196,0,7.5207648901538189
5,197,2,6.6889725119999497
5,198,31.800000000000001,4.7320141936709037
5,199,0.90000000000000002,6.5931437811892071
5,200,0.69999999999999996,7.0310451634608304
5,201,0.29999999999999999,6.2659624924111741
5,202,0,8.8931934907672581
5,203,5.7000000000000002,5.4506028106981468
5,204,0,7.5564345859717941
5,205,0,5.7420826252299371
5,206,17.100000000000001,7.0670846342986531
5,207,0,7.6109253837281816
5,208,0,7.3860637955701183
5,209,0,5.3921875608401315
5,210,0,6.7692094543218975
5,211,0,7.6281364079474532
5,212,10.199999999999999,6.3265285141133996
5,213,0,8.1384701388384286
5,214,22.5,2.2427954323147636
5,215,0,8.2426155773549272
5,216,0,5.3434650409069695
5,217,0,8.6389073795796154
5,218,0,8.5502370902982427
5,219,1,4.8385234111248154
5,220,2.3999999999999999,7.086924585334077
5,221,2,3.8195370778691977
5,222,0,6.1874334626167702
5,223,18,6.2012909278133517
5,224,16.100000000000001,5.6840595942552934
5,225,0,7.0295945006948699
5,226,0,4.6822183288053711
5,227,17.699999999999999,6.8117745657442708
5,228,0,6.0904192019106507
5,229,0,7.9186760693722871
5,230,0,6.6870708716835328
5,231,0,6.6237827536790252
5,232,0,6.9275051135362622
5,233,0,5.9956461111710011
5,234,0,6.0830411258738435
5,235,0,6.8794195871958799
5,236,0,4.5788510707051895
5,237,0,5.6846659940836375
5,238,0,7.0292781721747115
5,239,6.7000000000000002,5.0009040560870757
5,240,0.29999999999999999,4.8484095423227771
5,241,0.40000000000000002,3.1788834505001113
5,242,0,5.6173188008712325
6,121,0.5,1.2431747218514824
6,122,0,5.0593242144326593
6,123,0,4.8130642745059511
6,124,0,4.9943048082834096
6,125,0,4.2868746834411242
6,126,17.399999999999999,5.0474683487651451
6,127,0,5.3686480444949511
6,128,0,5.3733242623277455
6,129,0,4.5889561257492755
6,130,0,8.7331963179367431
6,131,0,4.638744771993597
6,132,0,3.6837273158333979
6,133,7.7000000000000002,3.768415923470251
6,134,1.2,4.5635068660879892
6,135,0,3.3071830658559476
6,136,0,3.8909023044375317
6,137,11.9,3.0423040986265759
6,138,3.6000000000000001,4.6030827807888226
6,139,3,3.968351621119786
6,140,0.69999999999999996,2.7121573835322907
6,141,0,6.1270217249790004
6,142,0,4.6943694280254933
6,143,0,6.9341141153299528
6,144,0,6.1009539146135268
6,145,0,6.0402219231927763
6,146,0,6.9670515361290253
6,147,0,7.8628534853232903
6,148,0,3.2585400963010289
6,149,0,6.0223415074441746
6,150,0,7.3614780440879892
6,151,0,7.0698148894917061
6,152,7.7999999999999998,2.9673113893479499
6,153,0.90000000000000002,7.5215040527844579
6,154,1,7.2306318021906488
6,155,0,4.7138915762881322
6,156,0,4.810182481156887
6,157,0,5.3926053570595212
6,158,0,6.648873326843197
6,159,0,3.1619464073225769
6,160,0,5.4242352512459284
6,161,0,5.4017691036536313
6,162,0,7.763851694649313
6,163,0,7.9729856145154985
6,164,1,4.5814184544684
6,165,0,5.1154028484323746
6,166,0,7.2318770610873289
6,167,2.2000000000000002,5.1711776153703219
6,168,0,6.3946689161040586
6,169,0,8.8310042714500199
6,170,11.800000000000001,3.8238856907357341
6,171,6.7999999999999998,7.5847211625608999
6,172,2.6000000000000001,6.3153488005936422
6,173,0,6.2631994903210497
6,174,0,7.510787577184157
6,175,0,7.3335140535260557
6,176,1.2,7.5393880457446016
6,177,7.0999999999999996,7.5958569262371061
6,178,5.5,3.9049850213670823
6,179,0,7.5580189739262806
6,180,0,5.9802686020947382
6,181,0,4.924514415171485
6,182,0,7.014799961961673
6,183,2.7000000000000002,7.6042299737644878
6,184,8,6.6025236885554488
6,185,0,9.289769872772581
6,186,0,8.7151256038148865
6,187,0,5.6112896485696231
6,188,0,8.3924131374800304
6,189,0,7.1456624384558909
6,190,0,7.6569177341817491
6,191,0,3.7530252670254196
6,192,0,7.2799051800920669
6,193,0,6.5167995819013518
6,194,0,8.3840095389679288
6,195,0,7.9983936277537939
6,196,15.199999999999999,6.760696946303387
6,197,0,7.6314143998583486
6,198,2.7000000000000002,3.3469633948689537
6,199,0,8.1143552793717344
6,200,0,7.5769145178082562
6,201,0,6.2374222406618056
6,202,0,7.7999646571666297
6,203,0,7.8777385383940874
6,204,0,7.6182714474775102
6,205,0,6.9207610459931974
6,206,0,7.8070724426468336
6,207,0,8.1589882394405286
6,208,0,7.8896504860642942
6,209,0,6.0918481719459878
6,210,0,7.5576582092985305
6,211,0,7.8421788698628134
6,212,0,8.3052339032067461
6,213,0,8.1148035130878373
6,214,0,6.802842251810838
6,215,0,4.1699436941004624
6,216,0,7.266087776765616
6,217,0,6.841907860793917
6,218,21.399999999999999,5.879712279532983
6,219,0,4.6745048817860981
6,220,0,6.1056268321675677
6,221,0,8.6533860033703274
6,222,0,7.2422939863821139
6,223,0.5,6.4171772462185412
6,224,18.699999999999999,6.125021499915773
6,225,0,3.9521893541017286
6,226,0,6.3291458563125955
6,227,0,6.3955386726687156
6,228,18.5,6.0024363112208059
6,229,2.1000000000000001,5.6865991836527092
6,230,0,5.791904174509126
6,231,0,7.010941337024688
6,232,0,4.6967850859557121
6,233,17.5,4.6008393639263154
6,234,0,7.0325844938533022
6,235,1.8,6.1648689027024268
6,236,0,5.9297658032561893
6,237,0,5.5642935647338074
6,238,0,7.8539647753836483
6,239,4.7999999999999998,6.3235532196828919
6,240,0,2.1502190231431695
6,241,0,7.3686358918660382
6,242,5.5,3.5325302679306976
7,121,15.300000000000001,2.269997361760721
7,122,0.69999999999999996,3.4685044587616445
7,123,0.59999999999999998,4.0862160354418968
7,124,0,3.3233747897403183
7,125,0,3.7354037051079314
7,126,0,5.7206777906272173
7,127,0,2.086388347660737
7,128,0,2.6674935244300531
7,129,0,6.3760054903413295
7,130,0,5.1944470478089695
7,131,0,7.1002252904043353
7,132,5.2000000000000002,5.598864906134553
7,133,1,1.9292673360312884
7,134,9.3000000000000007,4.3627030611299809
7,135,0.80000000000000004,5.7165197856039587
7,136,0,5.3402155680082455
7,137,0,6.364472129431161
7,138,0,7.4827053667657024
7,139,9.8000000000000007,6.8080214886800752
7,140,0,4.8459081899510803
7,141,12,1.3648140289282498
7,142,4.4000000000000004,2.7064656112325061
7,143,0.69999999999999996,4.4618392914575971
7,144,0,9.6321355505929489
7,145,0,6.1537685601442238
7,146,0,7.1369306460649451
7,147,0,6.6149402700920739
7,148,0,4.454609730770227
7,149,0,6.1051645185925052
7,150,0,5.4145649608764197
7,151,0,8.4423126007181644
7,152,0,6.6879972869316502
7,153,0,7.399335829038403
7,154,0,3.9378639341487984
7,155,0,7.1533167446623782
7,156,0,4.96518448259385
7,157,1.5,4.2617578109874721
7,158,7.5,5.9377449365819039
7,159,2.7000000000000002,2.812196392870741
7,160,0,5.8128262865751452
7,161,0,5.9417686671895549
7,162,2.5,4.4237972148993254
7,163,1,6.3081567367331122
7,164,0,8.9473154103274428
7,165,0,7.0851229491562906
7,166,14.5,4.5405593344019923
7,167,0,7.5980386550308374
7,168,0,8.1418970556341552
7,169,0,7.6282207845028314
7,170,3.3999999999999999,4.2201974377567577
7,171,40.799999999999997,3.8723289372780147
7,172,0,7.7859561069190972
7,173,0,6.7150078265508837
7,174,0,5.1005801896085678
7,175,0,9.6914200257503182
7,176,0,6.6920177090252668
7,177,1.3999999999999999,3.0673645131398417
7,178,15.5,5.8782868651712601
7,179,0,7.4464352762236157
7,180,0,8.5268487470091401
7,181,0,7.7667180772552094
7,182,6.7000000000000002,7.8923773119431857
7,183,16,4.8095704296041522
7,184,0,8.9040425906531819
7,185,0,8.7726809260505849
7,186,0.80000000000000004,7.361492527063346
7,187,4.5,5.6910647761993234
7,188,0,7.3990340026715966
7,189,0,7.2877371552254759
7,190,0,8.8792159704339095
7,191,0,8.140877580981563
7,192,0,3.593091151880941
7,193,0,7.3383914698247796
7,194,0,7.1726949859440374
7,195,0,6.3287397918797428
7,196,0,7.9435507552116178
7,197,0.5,5.4447920428609535
7,198,13.199999999999999,7.2756941373349528
7,199,0.69999999999999996,2.4098416807364043
7,200,6,3.3924421122245203
7,201,0,6.5758786658516932
7,202,5.9000000000000004,3.6089865461002661
7,203,0,9.076863099452094
7,204,13.4,8.3357224772000826
7,205,0,7.6062797637926458
7,206,0,6.9207076793492988
7,207,0,6.1708061784815333
7,208,47.399999999999999,7.8417594134894912
7,209,0,6.3963289489781427
7,210,0,6.1473163556335821
7,211,0,6.325889310112923
7,212,0,6.399801184095427
7,213,0,6.9563486997801283
7,214,11.699999999999999,2.3189955268361935
7,215,21.300000000000001,6.1433697617807317
7,216,0,7.0722250800344675
7,217,0,6.609960119272106
7,218,0,7.8378554715260718
7,219,0,5.7198545809465209
7,220,0.80000000000000004,5.0015675825263539
7,221,0,7.8693334015349077
7,222,4.7000000000000002,4.0744936536547423
7,223,15.6,7.5954864231844414
7,224,0.40000000000000002,3.9585406608267752
7,225,1.6000000000000001,4.4844229572931482
7,226,0,7.849088301861384
7,227,0,5.7284945479444067
7,228,0,7.7573783315099964
7,229,18,6.0462666765327677
7,230,0,6.4693265920848386
7,231,0,7.465532294200921
7,232,0,5.6268655744002851
7,233,0,7.6157043902126755
7,234,0,5.6370549972619575
7,235,0,5.6126075109244846
7,236,0,7.1411793626192859
7,237,17.600000000000001,3.32048917599157
7,238,0,3.902379265303451
7,239,0,4.9353704347041942
7,240,0,6.2794084102411167
7,241,3,6.4630100709683793
7,242,0,2.5725732448396972
8,121,0,2.9757807573586739
8,122,5.2000000000000002,2.7254443272191522
8,123,0,3.1452131054642982
8,124,0,5.3131416659977466
8,125,0,4.8281380101212479
8,126,0,4.207422583013571
8,127,0,5.9951393451100872
8,128,8.3000000000000007,3.3928009475549148
8,129,13,1.9805330309294749
8,130,0,4.0474653365187736
8,131,2.6000000000000001,1.7958589405678698
8,132,13.4,5.6787656546690357
8,133,4.2999999999999998,5.8723070776012918
8,134,26.600000000000001,4.5353379509480938
8,135,0,5.6607579384830515
8,136,0,7.413100185477874
8,137,0,5.1466507524353613
8,138,0.40000000000000002,3.1310999933504555
8,139,4.0999999999999996,5.6975631884121043
8,140,0,6.2128444270374157
8,141,0,4.6445367704155078
8,142,0,7.5160528019605568
8,143,0,5.5384805417895429
8,144,0,8.1891177004840596
8,145,0,6.6847009737692709
8,146,0,5.8821475525677727
8,147,0,6.2484536300692621
8,148,0,4.0015414863273548
8,149,0.80000000000000004,3.8089406853882721
8,150,2.2000000000000002,2.3827005132620092
8,151,0,6.6663743646827776
8,152,0,6.6322744272080021
8,153,0,5.8319286322312456
8,154,7.0999999999999996,6.3003857522219411
8,155,1.3,4.9709659634764156
8,156,0,7.206232630601578
8,157,8.4000000000000004,4.2695302047670385
8,158,0,7.4945204806547574
8,159,0,7.299239070057344
8,160,0,7.3408812258791674
8,161,0,7.2047459684092106
8,162,2.5,4.9835630924117993
8,163,24.199999999999999,4.9714948424829064
8,164,10.6,5.7790113336513151
8,165,0,6.0774619953689966
8,166,0,6.0886269908965502
8,167,0,5.8978942608993092
8,168,0,8.5527765333844901
8,169,0,7.7720430839440802
8,170,0,5.9099637721813956
8,171,0,6.2045804148740942
8,172,0,6.9447069344628947
8,173,8.1999999999999993,5.0562230562070996
8,174,0,7.0040095670561762
8,175,4.7999999999999998,6.1510554213847648
8,176,0,8.9086237837035966
8,177,0,9.7577575211450842
8,178,5.7000000000000002,3.5690052580585214
8,179,0,8.1438393846800707
8,180,4.0999999999999996,4.3397635034630442
8,181,3.2999999999999998,5.6447158829580291
8,182,0,8.6603173629490904
8,183,0,9.4272575286123015
8,184,63.200000000000003,5.0619378242123148
8,185,1.2,7.5635844705216364
8,186,0,6.9353185936593622
8,187,10.4,5.1864060482933922
8,188,0,7.7675567755973205
8,189,0,7.5081516334858271
8,190,0,6.6595540454418458
8,191,0,8.0562311470697079
8,192,2,6.0680538646372213
8,193,0,7.9039640618480558
8,194,0,8.4501592847709546
8,195,6.2999999999999998,7.3578623354713715
8,196,0,7.6048956215723509
8,197,0,6.8434570951218046
8,198,0,8.0038833964693001
8,199,9.1999999999999993,5.6299254896800983
8,200,1,6.2582000179771811
8,201,10.199999999999999,4.360467731324464
8,202,0,5.2883082038600753
8,203,0,6.6178739202474635
8,204,0,4.5365066184149896
8,205,0,8.393096692152378
8,206,0,6.7769779207881342
8,207,0,6.7126388425366716
8,208,0,7.1647798310395592
8,209,0,5.9218651000169151
8,210,0.69999999999999996,5.1103773756783601
8,211,0,6.1848673935624072
8,212,0,7.0969049864463889
8,213,0,7.998952213665623
8,214,0,7.2000545144150134
8,215,0,6.7064907539896925
8,216,0,6.8217804703912162
8,217,0,7.6895610894279667
8,218,0,6.4680879283823618
8,219,0,8.3045506564011777
8,220,0,6.8818116520980244
8,221,0,6.9344260725788551
8,222,3.6000000000000001,6.1951134529681511
8,223,1.8,4.767100592634864
8,224,0,8.1865263676286393
8,225,0,5.9134873896734508
8,226,0,6.2286329170085235
8,227,0,6.8990164220944825
8,228,0,5.6968518227252982
8,229,0,6.6700726490277962
8,230,0,4.6742325339712698
8,231,0,3.7445336824898123
8,232,8.5999999999999996,6.3976897974485114
8,233,0,7.6805013577328491
8,234,7.0999999999999996,5.0148271271907445
8,235,0,4.6455279463799615
8,236,0,4.1558711185145309
8,237,0,3.659447685208475
8,238,0,3.3544253683753213
8,239,0,5.3472467747144092
8,240,0,6.1620075341526768
8,241,0,4.0085097724652794
8,242,3.6000000000000001,3.4272486198172167
9,121,0,3.9416298385516426
9,122,0,6.6063070414695044
9,123,0,3.9244693388230338
9,124,4.2999999999999998,4.1553189714866461
9,125,0,3.6075685483977118
9,126,0.90000000000000002,1.2657251992992304
9,127,0.40000000000000002,4.060804095800016
9,128,0,3.5953257499392715
9,129,0,3.9951498271273111
9,130,22.100000000000001,1.3573719595504663
9,131,18.899999999999999,2.916525832093853
9,132,0,5.387247912738621
9,133,0,7.4712183730033734
9,134,0,4.6314867893633318
9,135,0,3.6182912971304839
9,136,0,5.9083462600366961
9,137,3.6000000000000001,4.4593994620682516
9,138,2.3999999999999999,6.3823350924460556
9,139,0,5.6528467359657419
9,140,0,4.6852423618741152
9,141,0,5.1633028496562794
9,142,0,7.9225562507464531
9,143,0,7.7103083463386284
9,144,0,4.2100835875468041
9,145,0,2.1956423355301276
9,146,0,5.3165387827301398
9,147,8.5999999999999996,3.982111270206131
9,148,1,2.2808978137230547
9,149,0,7.6203335494334015
9,150,3.1000000000000001,4.3670500927879949
9,151,0,6.7513606369567318
9,152,0,6.8081136686117203
9,153,0,7.8875083512276341
9,154,0,4.8560528168009922
9,155,0,5.2126804774174333
9,156,0,6.5677752743351157
9,157,0,8.3683199448372143
9,158,0,8.1416385889859839
9,159,1.5,2.2029983381612852
9,160,10.199999999999999,3.3128975752895546
9,161,3.7000000000000002,2.6489394743571228
9,162,0,7.0974772384378078
9,163,0,6.8893451870794422
9,164,0,6.7760409924032681
9,165,5.2999999999999998,6.0171883024855655
9,166,0,7.2796258319999234
9,167,0,7.5283872827556682
9,168,0,5.4336855623612514
9,169,0,8.6615916260901873
9,170,0,7.7165237867288266
9,171,1.6000000000000001,6.9142900038429458
9,172,0,7.1306603944975659
9,173,1.2,4.7291747888446398
9,174,0,8.4641925025758624
9,175,0,6.0689115279981669
9,176,0,7.2201421597636326
9,177,1.2,2.9258992049937214
9,178,0,8.00881505669701
9,179,0,7.6738579918552183
9,180,0,7.6161313083756088
9,181,0,7.8355164425401407
9,182,0,6.5023870559229877
9,183,0,7.4579948347864189
9,184,0,9.5804511849003955
9,185,0,7.4773518958673684
9,186,0,6.2063488718617403
9,187,37,1.5479245040715965
9,188,0,7.8705582564054772
9,189,0,6.9300453155419044
9,190,2,7.0218261084915996
9,191,0,4.0747232608084492
9,192,7.0999999999999996,8.2441160331117374
9,193,0,6.824917907422698
9,194,0,6.9638562746222847
9,195,0,7.3622410309755093
9,196,2.6000000000000001,4.4611520830356159
9,197,0,8.7300547720482555
9,198,0,5.4686089542403487
9,199,17.899999999999999,4.4903982584726139
9,200,0,7.9975650514456866
9,201,0,7.4205958529078435
9,202,0,8.1738546776348855
9,203,0,7.7683462763771391
9,204,8.6999999999999993,3.2910501943158947
9,205,23.600000000000001,6.5893964920413302
9,206,0,6.3940154489964458
9,207,0,3.5269973795317737
9,208,0,7.950864780970833
9,209,0,5.1099936707808045
9,210,0,8.5244565329507651
9,211,0,7.0097917960783231
9,212,2.6000000000000001,2.8279609626705464
9,213,0.69999999999999996,5.1343369141434003
9,214,0,7.6515595191930394
9,215,0,6.6956220546116532
9,216,0,5.4679762459485897
9,217,0,6.6184113652945058
9,218,0,7.486282395517752
9,219,0.59999999999999998,6.410764846742941
9,220,6.7000000000000002,6.8885673160719669
9,221,0,5.7264108836179393
9,222,0,7.0438631159209528
9,223,0,5.3441938831870814
9,224,0,7.6471264076652101
9,225,0,2.5779201019325981
9,226,0,7.2139086193932238
9,227,0,7.9515101777037707
9,228,0,6.2140248374109071
9,229,0,4.8330964964982623
9,230,0,5.3345861872600295
9,231,0,8.5392689296309587
9,232,0,3.0296576445915027
9,233,0,5.1345727746424528
9,234,0,6.917930435939537
9,235,0,5.6165016267049372
9,236,0,6.7095113642904582
9,237,0,5.0701025987518511
9,238,0,5.1081519757304577
9,239,0,6.5292079859764689
9,240,0,5.4661173147109547
9,241,0,5.381222987880637
9,242,0,7.1942489191315353
10,121,0,4.6898086816247186
10,122,0,6.4869979347682118
10,123,0,1.6090705130981935
10,124,0,6.1181080821304263
10,125,0,5.1646366350185264
10,126,0,5.4644731952817303
10,127,0,4.0525824473469783
10,128,0,7.047375998516423
10,129,0.5,2.7437299505689632
10,130,0,6.3843436645207854
10,131,0,6.9205736698962461
10,132,0,3.5559174413856276
10,133,0,5.0810792140132746
10,134,0,6.7047202458804218
10,135,0,5.3909009024393821
10,136,0,5.5049725777534979
10,137,10.9,1.3399765797107268
10,138,28.399999999999999,5.9594562421994794
10,139,0,5.1298609774791011
10,140,0,6.4747238026211509
10,141,8.9000000000000004,4.5491031409941263
10,142,11.5,4.1097960698088807
10,143,0,5.1657482855031187
10,144,3.3999999999999999,1.5355107026964598
10,145,0.40000000000000002,2.6989207396206067
10,146,15.9,5.4807118320310382
10,147,0,5.647127160476038
10,148,0,6.2675432292177788
10,149,0,6.0213523607930828
10,150,0,7.8178476267783745
10,151,0,6.0311135839859089
10,152,0,6.7403614634521105
10,153,0,4.6843447169108412
10,154,0,6.4397810830717255
10,155,1.6000000000000001,6.1841626561750545
10,156,0,4.4130102741448445
10,157,0,6.7404140715569394
10,158,0,6.5893907119762112
10,159,12.300000000000001,6.1116350352378692
10,160,0,9.2041972858177825
10,161,0,7.0636281826700253
10,162,2.7000000000000002,1.3282566446793944
10,163,0,5.1721604214713297
10,164,0.90000000000000002,5.1810094564797842
10,165,3.6000000000000001,7.2577068931057358
10,166,0,8.0061783887231961
10,167,0,7.3120282883053394
10,168,0,6.0753769882413975
10,169,0,5.2654042983858496
10,170,0,7.2075682369110847
10,171,0,7.604455706765564
10,172,0,5.6146344156338994
10,173,0,5.2649923075468523
10,174,0,8.2045974779069439
10,175,0,6.1292705311995226
10,176,0,5.5885425447574635
10,177,0,6.2104093930338529
10,178,0,7.9302406845379974
10,179,14.9,5.141894043477782
10,180,5.7999999999999998,6.0530205024292343
10,181,0,5.0152764826714868
10,182,0,6.7616316172438156
10,183,8.9000000000000004,7.5795933468226853
10,184,0,8.5236557084313702
10,185,0,6.6684413962354228
10,186,0,8.1598149294249342
10,187,0,7.0341797131774886
10,188,0,6.3271226767163844
10,189,7.5999999999999996,6.7310380496371724
10,190,0,7.6044778657038457
10,191,0,7.3901214189535729
10,192,0,8.0053335433331796
10,193,0,8.7827298155522069
10,194,0,6.8799098953088427
10,195,0,5.9951738631348288
10,196,0,7.6072210025579512
10,197,0,8.3785646953333917
10,198,0,6.939794463527778
10,199,0,6.5637865013484848
10,200,0,6.052013968291158
10,201,0,6.6507484787310407
10,202,0,7.8165809192738287
10,203,0,5.1965902517026281
10,204,0,6.2273264812601568
10,205,0,5.3045710499496623
10,206,0,6.3606222911858472
10,207,72,5.3707184467348821
10,208,0,7.8994092253289256
10,209,0,7.1143134987130843
10,210,9.4000000000000004,7.0184049614256114
10,211,0,4.5918581193460684
10,212,0,5.8339042399337133
10,213,0,6.1744803052466342
10,214,0,6.1194400066812484
10,215,2,5.5171489586922968
10,216,5.7999999999999998,5.9847330219942894
10,217,0,6.5143887486802967
10,218,0,6.5899097948399001
10,219,0,5.4037385047235045
10,220,0,7.7536901003301164
10,221,0.80000000000000004,7.1513391787144336
10,222,16.399999999999999,6.1177202548728022
10,223,0,6.6771233900032811
10,224,0,6.7682569458828894
10,225,0,6.0936252118063843
10,226,0,4.5308192303487527
10,227,0,6.4773070440870866
10,228,0,6.4928777288714352
10,229,0,5.3211817555299712
10,230,0,5.9168954815046249
10,231,0,3.8317919996786052
10,232,0,6.3842747158463053
10,233,0,5.3351504007642232
10,234,0,5.494470207989921
10,235,0,3.6291674745593299
10,236,0,5.1534620710357846
10,237,0,6.7739960539113113
10,238,0,2.8293966593350159
10,239,0,8.2228753645127419
10,240,0,4.499919211191485
10,241,0,5.1353711749882844
10,242,1.2,2.2919427436635513
11,121,4.5999999999999996,1.0543321099070666
11,122,0,2.6251346563877038
11,123,0,2.8429028677790149
11,124,0,5.5209369642031527
11,125,0,4.9550374383639291
11,126,0.40000000000000002,1.0025084432108775
11,127,0,8.0183238010765194
11,128,14.800000000000001,3.8529923555199477
11,129,0,5.8271377815798182
11,130,0,7.083396617233964
11,131,0,5.4554051148106382
11,132,0,4.7662946794466841
11,133,0,4.9916436753214946
11,134,0,6.4461017259065247
11,135,0,7.1181157489778073
11,136,0,7.218814008426703
11,137,0,8.5630098073488412
11,138,0,7.7514138286055205
11,139,0,7.0864227268982729
11,140,0,5.5524127911881411
11,141,0,6.7244481535642286
11,142,0,5.4779084121957524
11,143,2.1000000000000001,4.4513189008769762
11,144,0,4.8157868370360752
11,145,0,6.8242150534626322
11,146,0,7.3788933269221424
11,147,0,4.6383507571030345
11,148,0,6.0605584762240206
11,149,0,7.613659841126573
11,150,7.2999999999999998,4.4541001508281166
11,151,4.5,4.5657888587169158
11,152,0,6.2898340642514743
11,153,0,6.2288589221525079
11,154,8.9000000000000004,3.4183840799993237
11,155,0,4.7170458705392306
11,156,29.800000000000001,4.9484289682170841
11,157,0,6.7971176049350923
11,158,15,6.2779971999969595
11,159,13.4,6.2745931286423398
11,160,0,8.6942803500025541
11,161,0,6.6732742430102707
11,162,0,4.1589834786201987
11,163,0,6.1704146735561265
11,164,0,6.0487127718517373
11,165,0,6.6178663316727198
11,166,0,8.7790237856228757
11,167,0,4.9296341624016202
11,168,0,6.8334512649374517
11,169,12.9,8.05548755701105
11,170,1.1000000000000001,2.7204678054260358
11,171,0,7.5076382839166342
11,172,0,6.1712723409847507
11,173,0,6.4486033022957443
11,174,0,7.7293093114895992
11,175,0,7.0576262490426407
11,176,0,7.337036324778035
11,177,0,7.3513813713617733
11,178,0,8.3269827633456757
11,179,0,9.3965842483184119
11,180,0,7.4636503360204989
11,181,1.3999999999999999,3.9483879360411134
11,182,0,9.0215145088392674
11,183,24.300000000000001,7.4086237481532784
11,184,0,7.5584746165284944
11,185,0,6.5886670587526179
11,186,0,6.3779730397263741
11,187,0,8.5569409605128026
11,188,0,7.4908554620080396
11,189,0,9.9429578165749479
11,190,4.0999999999999996,6.6136147481591632
11,191,15.5,6.1619161266034945
11,192,0,8.5894230204396269
11,193,0,7.5597487955885896
11,194,4.2000000000000002,8.2395925496186155
11,195,0,8.1936507714103399
11,196,0,7.0211802675116131
11,197,0,7.3662402594596923
11,198,0,8.7956827215629261
11,199,0,8.6774991626581439
11,200,0,4.9393209184366658
11,201,0,5.7047169116111753
11,202,0,8.1104149328236623
11,203,0,5.6266456135424061
11,204,0,7.9082255902370031
11,205,0,7.7777763584676904
11,206,0,7.6181966967275034
11,207,0,6.4111728850812639
11,208,0,6.9624151225470055
11,209,0,5.7903524614171911
11,210,8.3000000000000007,4.2078145313639261
11,211,0,4.9822342600827536
11,212,0,8.1369362002310197
11,213,0,8.320632695420775
11,214,0,6.8386455126429091
11,215,0.5,6.5291974090710356
11,216,11.699999999999999,4.9314170377638691
11,217,2.1000000000000001,7.6430651310080773
11,218,5.5999999999999996,6.1100145080061115
11,219,0,8.5119693117692528
11,220,0,8.2698190528633546
11,221,0,7.5618306575951468
11,222,0,7.490726645190982
11,223,1.5,5.0438899474046464
11,224,0,7.4373810898622441
11,225,0,4.1096330424806746
11,226,0,7.591501755794539
11,227,0,8.5418215005396831
11,228,0.80000000000000004,5.2670557014165738
11,229,0,8.1567457805616392
11,230,0,6.1345972330002638
11,231,1.8,5.6180335132805945
11,232,0,6.2100968770336724
11,233,0,5.3762840177795095
11,234,0,7.1940593930107593
11,235,0,5.1186583012674784
11,236,0,6.1583377027794963
11,237,0,4.6383631981093192
11,238,0.69999999999999996,6.1352469314968694
11,239,0,5.1439201199745739
11,240,0,5.6670596432176001
11,241,0,6.3674168186178175
11,242,0,5.588986276859405
12,121,0,3.8340747291176407
12,122,0,4.4435015570195837
12,123,0,5.2684988960713559
12,124,0,4.4860643205306818
12,125,0,5.915754750737193
12,126,0,5.0389428366086806
12,127,0,2.3365139588291153
12,128,6.2999999999999998,1.5327303445908724
12,129,4.4000000000000004,5.2603608966333857
12,130,10.699999999999999,3.8943335787288138
12,131,0,4.2416231641990478
12,132,52.399999999999999,3.993777156219692
12,133,9.5,3.1035749846825653
12,134,0,7.7605295279978721
12,135,46.700000000000003,5.428465013680654
12,136,1.8,3.3484186156634594
12,137,0,5.8953797571397288
12,138,17.600000000000001,2.7090777339777432
12,139,7,4.0245774455519339
12,140,0,6.0514042781196222
12,141,0,6.6084973979046451
12,142,0.90000000000000002,7.8557259691645136
12,143,18.899999999999999,6.1483613795812504
12,144,0,6.8143306037360887
12,145,0,8.2579147481890534
12,146,17.100000000000001,4.2006937823748798
12,147,4.0999999999999996,3.2448746642814981
12,148,22.100000000000001,5.349586837552204
12,149,0,6.1199208854111307
12,150,0,5.0552583897508931
12,151,0,5.7355669299740084
12,152,0,6.7477036135887394
12,153,0,7.039933894869006
12,154,0,5.9912721220661727
12,155,0,4.2066798919148969
12,156,2.6000000000000001,3.3747984810538112
12,157,0,7.3293580399621714
12,158,0,5.2745545774899787
12,159,0,6.3164745133854332
12,160,10,5.0798420015749155
12,161,0,8.0857837121451936
12,162,0,7.276823377415413
12,163,0,7.5787502026442555
12,164,0,5.5980799572527769
12,165,4.7000000000000002,6.5141960246976884
12,166,0,6.7670393832517224
12,167,0,7.0485337278785529
12,168,4.2999999999999998,4.3393697725018567
12,169,6.2999999999999998,2.2131959960391301
12,170,21.399999999999999,6.3040734642296279
12,171,0,8.3365967971844555
12,172,0,6.8924286681989511
12,173,4.9000000000000004,2.1318855098075615
12,174,0.90000000000000002,4.7312940588895502
12,175,2.5,6.684663973299795
12,176,21.100000000000001,6.4982335758651741
12,177,1.3999999999999999,7.0230718998810708
12,178,0,8.2429846275536498
12,179,0,7.759390470311776
12,180,24.300000000000001,6.7816013925756575
12,181,1.1000000000000001,6.9900601255711754
12,182,11.1,5.3421421226524854
12,183,3.6000000000000001,3.6559706203762774
12,184,2.3999999999999999,2.9280902596874752
12,185,0,8.7421410267938331
12,186,0,6.3633290227808601
12,187,8,5.3063564592024646
12,188,13.6,6.4003060366381863
12,189,0.5,1.0056602283808294
12,190,0,6.9313564663601088
12,191,9.5,3.868229329904894
12,192,0,8.4641535639637571
12,193,0,7.973457432481414
12,194,0,7.6628521201898074
12,195,0,8.1533800670617183
12,196,0,6.9548768281668636
12,197,0,5.8269396408159881
12,198,0,3.9350408028337096
12,199,0,8.1344289266393677
12,200,0.5,6.8479403626130608
12,201,6.0999999999999996,5.9109788242618286
12,202,0.90000000000000002,5.5079130849108475
12,203,1.6000000000000001,6.6101726148744344
12,204,0,6.0847014664427208
12,205,18,7.6616999548070073
12,206,0,8.0886927057709386
12,207,0,7.7698271471555636
12,208,0,7.8280258543183265
12,209,0,6.2729928128761205
12,210,0,6.6249030917761864
12,211,0,7.5394517932938783
12,212,0,9.0654922161662395
12,213,0,7.8627494992855596
12,214,0,7.1451795643047902
12,215,1.8,6.1877087967409228
12,216,0,7.0500541046270282
12,217,0,8.4332622980051184
12,218,0,6.814564046108825
12,219,0,5.9816668423126718
12,220,0,7.8186865090224975
12,221,0,6.8004192070627294
12,222,0,5.6045774593253848
12,223,0,6.2478750763548163
12,224,0,8.1260251796952296
12,225,0,4.1514661520011034
12,226,0,6.0096789383661484
12,227,0,6.2939456791618351
12,228,0.69999999999999996,3.3841252550942222
12,229,0,6.4643029860108472
12,230,0,6.7164268348565059
12,231,0,6.295353065635231
12,232,0,5.6924470560896667
12,233,0,5.8141696264592282
12,234,0,3.2108391864557841
12,235,0,3.7077789974719639
12,236,0,4.8710441852703017
12,237,0,3.2186614567293477
12,238,0,3.6357389387936285
12,239,0,5.6823184632485155
12,240,0,4.9205570937572602
12,241,0,6.5922926057635962
12,242,0,6.4397685576544381
13,121,0,4.8968743868170872
13,122,0,3.3800882953189983
13,123,0,6.7692844667662442
13,124,0,6.3317932852838448
13,125,0,5.4633374371311518
13,126,0,3.0271375231683013
13,127,0,5.6617290468996
13,128,0,4.7340714279268434
13,129,0,5.1817899710955801
13,130,0,6.1070086300255122
13,131,0,2.9638846706808604
13,132,0,6.3346479274050775
13,133,23.300000000000001,3.2687211036864086
13,134,3,4.859608420533541
13,135,0,5.9800431556497973
13,136,36.5,3.402664449486787
13,137,0,5.5970403712827945
13,138,2.1000000000000001,1.9076356461593131
13,139,0,7.9686162926802462
13,140,0,6.2373719077491945
13,141,0.5,6.3763451894770204
13,142,7.7000000000000002,1.7191322695761251
13,143,0,4.1483342150256695
13,144,0,3.4668127578140027
13,145,0,4.9267065446751914
13,146,0,5.9129261810503557
13,147,0,5.0011788959944514
13,148,0,6.8541207324796094
13,149,0,6.8431528030487048
13,150,0,5.2438932836965479
13,151,1.8999999999999999,3.4434505213598925
13,152,1.3,3.891875314052216
13,153,1.2,6.605212790593483
13,154,0,6.8711749205957968
13,155,0,8.2697821827905003
13,156,0.90000000000000002,2.3922934947505872
13,157,0,7.6116990753947515
13,158,0,5.4661053734509206
13,159,4.4000000000000004,5.3957113159565591
13,160,12.699999999999999,7.0277379822355162
13,161,0,6.3047195703563705
13,162,0,7.8250765679053895
13,163,6.4000000000000004,3.4381190277648943
13,164,0,8.2140757367194404
13,165,0,7.1056895160136193
13,166,0,5.709336805881394
13,167,1.5,7.0905929018727818
13,168,14,3.371004102803778
13,169,0,6.0117987478476156
13,170,1.3,4.6432879295023417
13,171,0.90000000000000002,5.5561917129942513
13,172,21.699999999999999,5.6118838782072116
13,173,0,6.5051991378493224
13,174,16,5.337572908432537
13,175,0,7.2807519272594945
13,176,0,9.9662440452737258
13,177,0,7.8047354766016879
13,178,0,8.5728766796364031
13,179,2.3999999999999999,6.9567723281634208
13,180,0,7.14534200388134
13,181,0,8.5311779435743773
13,182,0,7.2344748404545776
13,183,0,8.3281876971290298
13,184,0,7.3151794410366939
13,185,0,6.8955935842105944
13,186,0,7.1329296844182366
13,187,0,8.1257395959700371
13,188,0,6.4519096355248964
13,189,0,6.3582202338808047
13,190,6.2999999999999998,3.8888900514565359
13,191,0,8.2982093080577695
13,192,0,6.1635210239915583
13,193,0,6.7400631436404392
13,194,0,5.5437107201683284
13,195,35.700000000000003,7.5351297900626903
13,196,0,6.496368768943837
13,197,0,5.839849710234521
13,198,2.8999999999999999,7.016947418450882
13,199,0,8.6996264845600795
13,200,0,7.3956269453518608
13,201,0,7.2300314647430906
13,202,0,7.6511628800690969
13,203,1.2,3.3825214841220808
13,204,0,8.015566955047106
13,205,0,8.8202006435221101
13,206,0,5.6708137724224628
13,207,0,8.1134072153305237
13,208,0,7.2359362335314845
13,209,0,8.228999056135553
13,210,1.6000000000000001,7.482543412942297
13,211,3.2000000000000002,5.515720432450645
13,212,0,7.980018857092535
13,213,0,7.8813060749746349
13,214,0,7.1305948711957168
13,215,0,5.9393420552071712
13,216,0.90000000000000002,5.6559060692101069
13,217,0,8.2108638854488891
13,218,0,6.050375791529925
13,219,0,5.102533521527433
13,220,0,3.6011571568842369
13,221,25.699999999999999,6.2469141054474138
13,222,0.29999999999999999,4.959965084800193
13,223,0,6.3506740082910813
13,224,0,7.0224765487011211
13,225,0,8.4634202329414858
13,226,0.80000000000000004,5.9903793310153608
13,227,0,5.7080825311570411
13,228,0,4.6007778639576955
13,229,0,5.3235221586040264
13,230,0,5.5755533201768674
13,231,0,8.2452459788403836
13,232,0,7.6237524633883007
13,233,0,4.9909808709733134
13,234,0,5.7485950895241125
13,235,0,7.4960272494015729
13,236,14.9,5.3712384234885722
13,237,0,5.0753304122817662
13,238,13.4,5.6287665232820263
13,239,0,5.0418891354248849
13,240,0,6.6219204576505293
13,241,0,7.7629590320865027
13,242,0,6.7492259702908814
14,121,30.100000000000001,4.4245565807350395
14,122,0,6.968439172616673
14,123,0,4.9935668687630566
14,124,12,4.3480736887341029
14,125,0.5,2.0569173113922075
14,126,0,6.3309341507689272
14,127,0,5.8575035547066472
14,128,0,6.5620565238753237
14,129,0,5.8267187248661836
14,130,0,4.7919865741849126
14,131,0,5.1727494424116571
14,132,4.5,3.0539208913126386
14,133,16,3.2832266197240503
14,134,0,8.2399393549391142
14,135,3.1000000000000001,3.6702379461674717
14,136,0.90000000000000002,3.1792835950251974
14,137,4.7999999999999998,5.1940782253407471
14,138,0,6.7280149722144245
14,139,1.3999999999999999,6.9395504713129164
14,140,1.8,5.344374899705822
14,141,5.7999999999999998,4.9925661104650993
14,142,29.899999999999999,2.255329181316938
14,143,0,8.8230096435527603
14,144,0,6.9436094031976001
14,145,0,7.5162930311318092
14,146,0,4.5991481362415412
14,147,8.8000000000000007,5.6679051996166416
14,148,0.69999999999999996,5.4863489909411687
14,149,2,1.6207790236698134
14,150,0,5.4294496703148987
14,151,0,6.5222464270860678
14,152,0,8.4045551098763571
14,153,0,4.7250185468488857
14,154,9.3000000000000007,7.0666067427061003
14,155,15.1,8.2318834906946208
14,156,3.7999999999999998,5.5436698110761533
14,157,27.300000000000001,4.8972571519644044
14,158,4.2999999999999998,2.1692711890705367
14,159,0,5.790394268520358
14,160,0,7.796379847364693
14,161,3.7000000000000002,4.9017403269451751
14,162,4.5999999999999996,7.267787282230457
14,163,14.9,6.3284472990777152
14,164,0,6.3623478783699809
14,165,0,8.5424846888993855
14,166,0,7.741763546049425
14,167,0,5.2765824293147814
14,168,0,6.4280436357927258
14,169,0,6.129586619745595
14,170,0,8.0093498118277271
14,171,0,7.024157078396005
14,172,21,6.6906581457782046
14,173,5.7999999999999998,7.2529080271806645
14,174,0,6.9923949885466881
14,175,0,8.4224659258574146
14,176,0,5.9295096967409835
14,177,15.300000000000001,4.4164104664465818
14,178,12.4,6.4112357223103089
14,179,1.1000000000000001,6.541273508594788
14,180,3.7000000000000002,5.6180388788714186
14,181,1.3,6.8962916851804312
14,182,0,6.3013910710834775
14,183,0,7.9842513888785307
14,184,0,5.9512936753666672
14,185,0,6.4591032852244101
14,186,0,8.4562648612641311
14,187,0,5.3838160243054656
14,188,0.80000000000000004,6.7220054758442505
14,189,0,8.9496181700074313
14,190,0,7.576777625018984
14,191,0,7.4544643959714012
14,192,0,7.4626963976693235
14,193,0,7.3784537142194457
14,194,0,8.7063799853123864
14,195,0,8.2807240750847271
14,196,0,6.3828849898068292
14,197,0,5.4289310902822958
14,198,0,6.3103442105816105
14,199,0.69999999999999996,7.1228179109487311
14,200,2.2999999999999998,7.7099232941148967
14,201,2,3.6778794294624788
14,202,0,7.5827489810188613
14,203,5,5.4463282657251328
14,204,0,7.3357171243345833
14,205,0,5.4001920509786157
14,206,0,8.5151327929575764
14,207,0,5.3726366741786711
14,208,0,7.2322224746397374
14,209,0,6.6099313171407825
14,210,0,6.2593600376282037
14,211,0,6.1398711180550984
14,212,0,6.5680584507884143
14,213,0,7.369023149864713
14,214,0,8.6779531469491733
14,215,0,4.6260480419944425
14,216,6.5999999999999996,5.1139664090402785
14,217,0,6.7505942255687899
14,218,0,8.2128486811213453
14,219,0,7.533392543401872
14,220,0,5.0838950432071339
14,221,0,6.2895211763081615
14,222,0,6.5666416557505078
14,223,0,5.4393913345424973
14,224,7,6.7450607714388031
14,225,1.6000000000000001,7.2016883930445044
14,226,0.69999999999999996,3.766059752175654
14,227,0,6.3461229739710525
14,228,13.9,3.7845028454593637
14,229,0,7.9355125466193002
14,230,0,6.4727253499601023
14,231,0,7.2249752387971888
14,232,6.9000000000000004,3.9996505439449557
14,233,0,5.8498379664521369
14,234,0,5.3511690507441791
14,235,0,3.5322204965272235
14,236,6.5,3.4363239915766388
14,237,0,6.4495887182662175
14,238,0,6.9650491697666235
14,239,13.199999999999999,5.8826347239050545
14,240,0,6.6609278262083942
14,241,6.7999999999999998,4.3652397901817173
14,242,0,4.6188410497042991
15,121,0,4.8761137418131923
15,122,0,5.6808180372287467
15,123,0,6.0852633516835004
15,124,0,5.9347679489330769
15,125,0,4.9373370470712947
15,126,0,4.4866034445512835
15,127,0,4.6464568760308822
15,128,0,5.9200670137614679
15,129,0,6.3149682014947377
15,130,0,5.1728158735030139
15,131,0,4.7273969747245426
15,132,0,6.2524110878781514
15,133,0,6.427685829660458
15,134,0,5.8243841257217319
15,135,0,4.2709855927010869
15,136,0,5.9858417062509712
15,137,0,5.4110356578560737
15,138,0,7.0134655702376882
15,139,0,6.0982310380735729
15,140,0,5.4648896267470652
15,141,0.80000000000000004,1.7267759990514873
15,142,27.300000000000001,1.5114565595533715
15,143,0,5.7178265764437803
15,144,0,6.177360417806562
15,145,0,6.040823778549429
15,146,0,6.0756066147865351
15,147,4.7000000000000002,3.4680930050823897
15,148,0,8.600971203914078
15,149,0,4.4532342637603737
15,150,0,3.4434830326712342
15,151,0,6.9330365754419647
15,152,0,8.6638153171183649
15,153,0,7.4810001289529415
15,154,26.100000000000001,2.5873371738686473
15,155,20.600000000000001,2.8222438988025305
15,156,0,7.6308723855334097
15,157,0,6.4011012905709546
15,158,0,6.874307361716598
15,159,8.0999999999999996,2.9479772544578626
15,160,0,6.5669462864038053
15,161,8.8000000000000007,1.9551663698948722
15,162,0,5.8736309590413072
15,163,0,6.3755109702847701
15,164,0,6.3362906591258117
15,165,0,8.0735442496002623
15,166,2.7999999999999998,4.0073630007250092
15,167,0,6.726775029181141
15,168,0,7.5634538107990146
15,169,0,6.2492368424469387
15,170,0,7.2066883295771724
15,171,4.5999999999999996,6.7042889198588886
15,172,3.6000000000000001,5.4876630091851393
15,173,0,6.0792162402911689
15,174,2.7999999999999998,2.2969172986074611
15,175,0,8.6627640307597549
15,176,0,6.2596639205262212
15,177,0,6.7233490899475532
15,178,0,4.7726837616611641
15,179,0,7.8510338638740791
15,180,0,9.6383880565569875
15,181,1.2,6.4123790256630437
15,182,1.3,3.8376168044929546
15,183,0,6.6780687942843144
15,184,0,9.0804133045404516
15,185,2.7000000000000002,5.7939422983543558
15,186,0,6.5680969373090523
15,187,0,7.7273500881669053
15,188,0,5.3281426981386204
15,189,0,7.3550411774658091
15,190,71.5,6.6229475494557146
15,191,2.2000000000000002,5.6091717393958325
15,192,1.1000000000000001,7.3376247027269486
15,193,0,8.6333703118983784
15,194,0,6.9343601234551544
15,195,0,7.1842304611500518
15,196,0,7.9835286062167174
15,197,0,7.171872054765986
15,198,0,8.2645757027129019
15,199,0,7.4291023299309344
15,200,0,8.0656863943772485
15,201,0,7.9335513135514351
15,202,0,7.8575896856426599
15,203,0,7.1456135799642819
15,204,3.3999999999999999,2.5581224512916818
15,205,4.5,7.2137930782338389
15,206,0,8.3424394772319381
15,207,3,7.3089857580200768
15,208,0,7.0857292241909384
15,209,0,4.3785867241173815
15,210,0,5.697392955741643
15,211,0,5.5014834406377613
15,212,0,7.5374124704819998
15,213,0,7.6559038856714681
15,214,5.5999999999999996,4.0442885291985844
15,215,3.2000000000000002,6.3469595130730658
15,216,0,5.5598574387892468
15,217,0,9.0283992674248541
15,218,0,5.7452721948779013
15,219,0,6.4520627489827174
15,220,0,4.7744964719827312
15,221,0,6.7737985408923755
15,222,0,7.7444937428170029
15,223,0,2.3725373309080506
15,224,0,7.4039457813586749
15,225,0,6.7624900733297304
15,226,1,4.3314830240568192
15,227,0,6.554656033552277
15,228,0,7.2986100025167238
15,229,0,5.3864715617802128
15,230,0,6.6498740353486721
15,231,0,6.4551040139887608
15,232,0,5.9144174130428029
15,233,0,8.2826815510444831
15,234,0,4.0486863935220541
15,235,61.700000000000003,4.7976505131176772
15,236,0,3.4982268278397077
15,237,0,6.1049077492659798
15,238,0,5.1565174054625889
15,239,0,7.1445894905896878
15,240,0,6.7824434227122516
15,241,0,7.9257317272797749
15,242,0,7.4423065958383985
16,121,0,6.0022858371893522
16,122,0,4.2414793098704555
16,123,0.5,5.285300441708519
16,124,6.7999999999999998,1.2278673169062484
16,125,0.90000000000000002,1.7654910267592614
16,126,0,4.1240794266264045
16,127,0,7.1064891534876891
16,128,5.9000000000000004,3.5960987060075729
16,129,2.8999999999999999,2.2439300057235112
16,130,3.2000000000000002,2.5881196321770377
16,131,1,5.5389921972150926
16,132,0,5.7501280821900087
16,133,1,3.5433845947956231
16,134,0.90000000000000002,5.6476043634870638
16,135,1.1000000000000001,3.4894452258160551
16,136,0,3.089315713061497
16,137,0,6.4585832276644446
16,138,1.8999999999999999,3.9447950523716173
16,139,5.7000000000000002,3.2891664913102865
16,140,6.9000000000000004,3.0494189141977812
16,141,0,5.4746569523023592
16,142,73.599999999999994,4.0243213473354418
16,143,18.300000000000001,3.4704551336840148
16,144,0,5.85022920838448
16,145,0,3.9415701621832273
16,146,3.7000000000000002,4.9204487732403432
16,147,0,5.5525963094207649
16,148,0,8.345318499645586
16,149,0,7.9817200411505738
16,150,10,5.4956418455059897
16,151,27.800000000000001,4.3468862919325408
16,152,2.2000000000000002,4.5342767224047114
16,153,0,6.3359135030977844
16,154,0,7.8247951523943096
16,155,0,5.5902576987201726
16,156,0,5.8964968849939492
16,157,0,8.1421030572953388
16,158,0,9.8164510980622168
16,159,0,7.5424111021259748
16,160,0,6.6783717804857856
16,161,0,6.869160309438767
16,162,12.800000000000001,3.3102174795309418
16,163,0,5.406994906656422
16,164,12.1,6.35629341403226
16,165,32.899999999999999,4.6191592062640909
16,166,0,5.8973154127289398
16,167,0,8.6490106189723424
16,168,15.9,7.6020221025335566
16,169,3.1000000000000001,3.8511113144536901
16,170,11.800000000000001,2.3712684447300303
16,171,19.199999999999999,4.0388100143844454
16,172,23.100000000000001,6.862654525139793
16,173,0,6.7617266217051775
16,174,0,6.89089105337617
16,175,0,4.5901753503058096
16,176,3.5,5.4079871319502928
16,177,8.3000000000000007,5.0170756266627876
16,178,0,6.0141552944000374
16,179,0,7.9447108043514074
16,180,0,6.8885043061537594
16,181,0,9.2724096996100354
16,182,0,7.837496927598238
16,183,0,7.661040094212046
16,184,0,8.7618680491913405
16,185,0,7.4141641472731568
16,186,0,7.8902272626133545
16,187,20.5,8.4087435998781448
16,188,0,6.2000448357617799
16,189,7.2999999999999998,5.9422475973662365
16,190,0,7.9635644214691172
16,191,0,7.5833019383692406
16,192,0,9.0168834032138445
16,193,2.5,7.6004968444701948
16,194,0,6.2391858859801124
16,195,0,5.8258934257794222
16,196,0,7.7661086184316623
16,197,0,8.0958101562135187
16,198,0,6.9539841677925267
16,199,0,6.3322320281862297
16,200,0,7.4163159343069536
16,201,0,7.5399267522580065
16,202,0,6.6740396177069927
16,203,0,7.7271424515157747
16,204,0,7.5282947144870445
16,205,0,8.0193563487647452
16,206,0,6.6057696957259555
16,207,0,5.9658811518416233
16,208,0,7.3054532292067043
16,209,0.29999999999999999,6.1559300709975231
16,210,11.6,6.4757667135902235
16,211,32.799999999999997,6.4575244077148541
16,212,0,6.3973231246489455
16,213,0,7.2387772168276445
16,214,0,5.7346535791563236
16,215,0,8.9032334510181403
16,216,0,7.5826007377252882
16,217,0,8.0976606396849125
16,218,20.600000000000001,6.1076808166097596
16,219,0,7.383590448535033
16,220,0,7.1802742422963037
16,221,0,6.4897547760792049
16,222,0,6.8816210846731503
16,223,0,7.687578267426364
16,224,0,4.2960065160924295
16,225,0,6.3870809069964967
16,226,34.399999999999999,6.1879953815787356
16,227,15.9,4.9918646656755286
16,228,0,5.5119994495040405
16,229,0,6.9628053329334874
16,230,2,7.0664938022666508
16,231,0,6.3171223236005218
16,232,0,5.8540026308526105
16,233,0,5.7381602530736036
16,234,0,7.528996486340489
16,235,0,8.055970573381888
16,236,0,7.5833068506383734
16,237,0,5.6297221679341583
16,238,0,6.3196963067375602
16,239,0.90000000000000002,4.2489983654138257
16,240,6.0999999999999996,3.8068731961881901
16,241,0,5.7735457357430704
16,242,0,4.18922829314754
17,121,0,5.2523890474879771
17,122,0,7.0015750764897611
17,123,7.2000000000000002,2.7982635443769377
17,124,10.4,6.7118090102497181
17,125,0,6.7414655096807445
17,126,7.9000000000000004,1.2714962527490545
17,127,0.90000000000000002,3.000386460298905
17,128,0,4.9561926006853732
17,129,0,7.5078811898723998
17,130,0,5.8334325405930771
17,131,0,2.2154916849513335
17,132,0,6.7746050022063748
17,133,0,6.1011056809261612
17,134,0,4.708182093801593
17,135,0,6.1485355436403575
17,136,0,7.5520750414069227
17,137,0,5.2885719762783943
17,138,1.1000000000000001,1.5181379181887169
17,139,1.8999999999999999,1.0246315497108358
17,140,0.80000000000000004,1.7225439142511285
17,141,0,7.2478681468925164
17,142,14.800000000000001,2.4992572216509945
17,143,7.5,7.1222870616705158
17,144,5.7000000000000002,5.1636996827583808
17,145,0,6.4184967016214962
17,146,4.7999999999999998,4.9001446090277767
17,147,6.2000000000000002,6.5257050109418877
17,148,0,8.8747008799153306
17,149,8.4000000000000004,3.7090764889579444
17,150,2.8999999999999999,5.0996437655090432
17,151,0,7.391585742264656
17,152,0,8.3485346221109342
17,153,0,8.5327457511707259
17,154,8.3000000000000007,4.3977025300963151
17,155,1.1000000000000001,4.1577808914800016
17,156,0.80000000000000004,4.0461456102879261
17,157,0,5.1851509540750467
17,158,0,6.3727603581542525
17,159,15.1,5.0061536147294392
17,160,0,6.1042787838565227
17,161,0,9.1411567578217934
17,162,0,6.6887457085518598
17,163,2.5,1.2293142570342532
17,164,2.5,7.0789862116745539
17,165,27.5,7.8999912513231436
17,166,0,7.6725638413616215
17,167,0,7.3262693756699822
17,168,0,6.8840120351671139
17,169,0,7.1906573894489583
17,170,0.90000000000000002,5.6518879125622732
17,171,1.2,3.6499577498577036
17,172,0,7.0639085804312547
17,173,0,7.2430175827947059
17,174,0,6.626292540196844
17,175,1,1.5363416968043326
17,176,7.0999999999999996,6.7378710840020437
17,177,0,7.0298868045675533
17,178,4,6.3419602422862402
17,179,1.3999999999999999,3.0579168648745734
17,180,3.2000000000000002,5.6816398604394935
17,181,0,5.7397033608213661
17,182,0,6.299892450867139
17,183,0,6.8083223235150108
17,184,0,7.1250126761585042
17,185,0,7.3973663941877543
17,186,0,7.3393517686785756
17,187,0,6.0913234024888796
17,188,0,7.0736365459640478
17,189,0,6.758580651880191
17,190,0,8.9333422486952188
17,191,0.90000000000000002,5.1402173133374225
17,192,0,8.2081273243545141
17,193,0,7.910055166028533
17,194,0,8.0851463002819806
17,195,0,8.0806192249946278
17,196,0,7.7033864417281332
17,197,0,8.3566233898109825
17,198,0,8.240796319699335
17,199,0,7.7028361854326004
17,200,0,5.7609041074653007
17,201,0,6.9432376233259276
17,202,0,6.626888216718922
17,203,0,6.9072864824325322
17,204,0,6.4258761606650401
17,205,0,7.9977790160333893
17,206,0,7.5077582774894687
17,207,0,6.9854844754430339
17,208,0,6.5721577479637308
17,209,0,8.2158457488768342
17,210,4.0999999999999996,3.1919404264165987
17,211,0,6.3479789048234663
17,212,22,5.3530603764301956
17,213,23.600000000000001,6.3537582037949649
17,214,0,7.6664628239854533
17,215,0,6.6857493501516103
17,216,0,8.4633922051983088
17,217,0,5.9715161966839005
17,218,0,7.4417934178452638
17,219,0,6.6838270326482068
17,220,0,6.398200661960642
17,221,0,5.2632300911581726
17,222,0,7.2245078781027541
17,223,0,5.8184150110002477
17,224,0,4.6939222276903543
17,225,0,7.2414772448533746
17,226,0,7.2072690451177426
17,227,6.2999999999999998,5.7916302644560353
17,228,0,7.3288587129549816
17,229,0.29999999999999999,4.1244650025224345
17,230,0,6.1215337991084846
17,231,0,5.0984705039494855
17,232,1.1000000000000001,5.0323292928541736
17,233,0,4.2422455332637394
17,234,0,6.387101525143855
17,235,0,4.6102824905315494
17,236,0,5.8895230261419451
17,237,14.1,2.6981119410456804
17,238,0,6.161400379218942
17,239,0.40000000000000002,3.7287068005740558
17,240,0.29999999999999999,5.0445807467834678
17,241,2.3999999999999999,4.7531377350019461
17,242,0,5.7109127373841577
18,121,0,4.4371985652200161
18,122,0,5.4111912717752375
18,123,4.5999999999999996,2.8318733532776572
18,124,28.899999999999999,7.1049179872468784
18,125,0,6.1830396707736419
18,126,0,7.1607144259357263
18,127,0,6.9385230526913073
18,128,0,4.2482750621820529
18,129,0,6.5197542748153055
18,130,0.90000000000000002,2.8067479102756527
18,131,0,7.5924999611229369
18,132,0,5.7113075645153835
18,133,0,1.698945680293501
18,134,0,5.5396112677665439
18,135,0,6.4270470209556638
18,136,0.80000000000000004,1.6291409632374216
18,137,0,5.5979527634308059
18,138,0,4.4199591430248226
18,139,0,6.4581619563792056
18,140,0,6.9581402623361299
18,141,0,3.5896135713414288
18,142,2,3.588333535095777
18,143,0.59999999999999998,6.7623350822475263
18,144,0,6.9283071884938154
18,145,0,7.6957656250878346
18,146,1.3999999999999999,5.837190029394951
18,147,0,5.7527073648960334
18,148,0,5.8891891659549156
18,149,0,3.7601073105338836
18,150,0,6.113433992952432
18,151,0,6.4775607781287672
18,152,0,5.3388389429102689
18,153,13.699999999999999,5.8690113334381611
18,154,0,5.2843316517155996
18,155,0,7.1392751535823678
18,156,0,5.8637360454769203
18,157,0,8.0043458201941355
18,158,0,7.0521778011796581
18,159,0,9.82831008381849
18,160,2.2999999999999998,5.97975734961926
18,161,6.0999999999999996,7.7471364631661563
18,162,1.1000000000000001,3.2171023666029028
18,163,1.5,7.0285882416621259
18,164,0,7.8221722972688212
18,165,0,9.3876434841353209
18,166,0,8.990210614078249
18,167,0,6.0720308175671462
18,168,0,2.9604954772527878
18,169,0,7.4888934189559411
18,170,0,7.8293884318051061
18,171,0,6.2439357673350768
18,172,0,6.0806783520037255
18,173,0,8.0280808759415869
18,174,11,3.0041313883363099
18,175,0,7.579016900968492
18,176,16.699999999999999,4.8722179142731976
18,177,0,5.6130829558977524
18,178,0,7.9183461604792749
18,179,0,7.9338068972072975
18,180,0,7.0313349980308271
18,181,20.300000000000001,7.140934358864965
18,182,0.59999999999999998,5.7515130861324621
18,183,4.7000000000000002,5.7810395502932419
18,184,0,7.1345826623925674
18,185,0.80000000000000004,5.2246221072602737
18,186,0.59999999999999998,5.318650678532121
18,187,0,7.9522025823346496
18,188,31.800000000000001,6.3282375368888575
18,189,0,8.3740105207978424
18,190,0,8.7035057001026352
18,191,0,8.9405914545835614
18,192,0,5.5741792256272564
18,193,0,4.8709592639874097
18,194,1.6000000000000001,4.9557507542407588
18,195,0,8.3558135272950338
18,196,2,6.0105894461771801
18,197,0,7.0032683652378278
18,198,0,6.4214857626873556
18,199,2.2999999999999998,6.2793583500418837
18,200,0,9.1869811130608365
18,201,5.5999999999999996,0.84521363525972271
18,202,0,6.1367824157306492
18,203,0,5.6242448384328085
18,204,0,7.519585003360028
18,205,26.399999999999999,7.1966603128182323
18,206,0,7.1625517044738611
18,207,0,2.4878850475151268
18,208,0.40000000000000002,6.8089919316679319
18,209,18.5,7.8673814788337744
18,210,0.90000000000000002,7.853589686093267
18,211,0,7.6101224470182967
18,212,0,6.884911309512864
18,213,0.80000000000000004,5.0294250711316444
18,214,0,5.6978776645039737
18,215,0,7.0052460142885957
18,216,0,6.4225207014113419
18,217,0,6.4731717099104165
18,218,0,6.634767383453271
18,219,0,7.5427302273802415
18,220,0,5.4926525000829232
18,221,0,5.2808866823743479
18,222,0,6.6154766737070059
18,223,0,6.5750978058118825
18,224,0,7.4893622426878244
18,225,0,7.2320166880591543
18,226,0,5.4574967671150869
18,227,0,5.5590546171262538
18,228,0,7.7104904214024206
18,229,0,5.8109859567572322
18,230,0,6.2477921256611575
18,231,0,6.1998491404875447
18,232,0,7.2993493871766599
18,233,0,4.9219934036680302
18,234,0,6.2866421205235596
18,235,0,4.692617370294931
18,236,0,6.8238598963512009
18,237,0,7.5671854268318128
18,238,0,5.2775196459696865
18,239,0,6.2656629124310408
18,240,0,7.0981148005410324
18,241,0,6.5810389427104985
18,242,0,5.6192055810328547
19,121,0,5.2349651110363205
19,122,0,5.1722108961139437
19,123,0,5.0617223388087602
19,124,0,5.5716717494510934
19,125,0,2.1457572953950819
19,126,0,5.2734448246680516
19,127,0,6.4991384636767577
19,128,0,4.7909610033863119
19,129,0,4.7050259210071914
19,130,0,4.8472582826137316
19,131,0,6.2442983020059168
19,132,0,6.5896958785873672
19,133,0,2.5229704658081933
19,134,0,7.8018807599371218
19,135,0,4.9998724028339492
19,136,0,8.3750579481252405
19,137,4.2000000000000002,4.7733307693419356
19,138,0,5.967852091871757
19,139,0,4.8039399512261216
19,140,0,7.0420049432647254
19,141,0,6.0826820283614467
19,142,0,5.2716422093758961
19,143,0,7.1891443576059864
19,144,0,5.708126716621539
19,145,0,4.6222456209376404
19,146,0,8.3796141597649658
19,147,0,4.122054459078071
19,148,2.1000000000000001,2.7788739960464941
19,149,1.5,5.5288604728247366
19,150,21.699999999999999,3.7614457680789624
19,151,0,6.2485596834978061
19,152,0,7.1482018024656497
19,153,0,8.0227728187446434
19,154,0,6.3462428513221774
19,155,0,7.3137461384192406
19,156,0,4.9128187314442249
19,157,0,6.6460001040376717
19,158,0,6.2479030466056962
19,159,0,5.7643429209287378
19,160,0,6.506987170281521
19,161,0,7.6899318888694026
19,162,8.3000000000000007,6.2671800185732378
19,163,1.1000000000000001,5.3692693258582143
19,164,3.8999999999999999,3.4151556395921068
19,165,0,6.2100018284768215
19,166,0,9.0708966760452387
19,167,0,7.6112297660163186
19,168,0,7.149594837553904
19,169,0,8.4829291425008826
19,170,0,6.7034540231362287
19,171,3.2999999999999998,6.7828806012225806
19,172,0,6.4472148757313974
19,173,0,4.9507453204853586
19,174,0,8.2295670832458203
19,175,0,6.1167624317691027
19,176,14.800000000000001,6.0498009474320691
19,177,0,8.1555824465092019
19,178,0,8.1680117300743955
19,179,0,3.8397282027042285
19,180,0,6.4698070810232444
19,181,0,8.2195202967320089
19,182,0,9.5299090919883724
19,183,0,6.5395565668464464
19,184,0,9.4857741953162105
19,185,1,4.2512567745264276
19,186,0,5.9477375304888085
19,187,0,7.1599819370930504
19,188,0,6.8206661937741764
19,189,0,8.1017300019860645
19,190,0,6.6179609116720481
19,191,0,7.1762758115026264
19,192,0,4.7763975086638339
19,193,0,3.8193006969668293
19,194,0,4.8125850117708913
19,195,0,6.7228189075979179
19,196,0,7.8301056863381913
19,197,0,7.513431476621637
19,198,0,6.7682147715658658
19,199,0,9.1064444953996055
19,200,0,9.1392680784573344
19,201,0,7.8786504012425915
19,202,0,8.8995859836232416
19,203,0,6.6049110850439003
19,204,0,8.7460461105312337
19,205,0,8.0138089687451455
19,206,0,7.6515458559472167
19,207,0,7.3727932916195282
19,208,0,5.3552769373225084
19,209,0,7.1735662803489859
19,210,0,4.4797809778314255
19,211,0,7.7614243352660832
19,212,0,7.8537886293299524
19,213,0.40000000000000002,7.4772879888573414
19,214,0,7.4947529753677813
19,215,0,4.3443116576698166
19,216,0,6.5242427477932834
19,217,0,6.0609434082218883
19,218,2.6000000000000001,6.0041370772872575
19,219,0,8.3204474843120515
19,220,0,8.2710593084074056
19,221,0,5.8119499639210872
19,222,0.40000000000000002,4.9905392892080949
19,223,0,5.5930034088703575
19,224,0,5.299464595279213
19,225,0,5.1575988068595855
19,226,0.69999999999999996,6.3340636025601622
19,227,2.2999999999999998,4.5687415228176338
19,228,0,5.4923210917787895
19,229,0.40000000000000002,5.0064441947549501
19,230,0,7.8907941076249735
19,231,0,5.5087955486790463
19,232,0,5.5838727452331032
19,233,0,6.9000619208192582
19,234,0,6.7121421385167395
19,235,0,6.1073849209542157
19,236,0,6.4504786100561038
19,237,0,2.8320136170770249
19,238,0,6.9345272702907845
19,239,0,2.4440252984072219
19,240,0,6.3738061412406255
19,241,0,7.4572655640142287
19,242,0,5.9486004431793962
20,121,0,3.6225501807525675
20,122,0,6.6373217973070862
20,123,0,3.1168231694002726
20,124,0,6.4364079053391201
20,125,0,2.0497273929483968
20,126,1,3.2417080549825714
20,127,0.80000000000000004,4.9984689130771063
20,128,0,5.7323014133492753
20,129,10.1,4.4713720004019386
20,130,0,3.8529476549036321
20,131,0,5.4000214512929929
20,132,0,5.704403927201021
20,133,0,6.0326662848884531
20,134,0,3.6013980036704876
20,135,0,7.0108305333475496
20,136,29.699999999999999,6.0449306934685847
20,137,2.2000000000000002,3.0982097532892623
20,138,0,2.2484276694842262
20,139,1,4.4774074756363724
20,140,4.2999999999999998,3.7081926712516657
20,141,0,6.8851875294680438
20,142,0,8.534628926043375
20,143,25,4.8751046219776075
20,144,3,5.3259819613863559
20,145,0,5.867738392005041
20,146,0,4.7602746104135321
20,147,15.5,4.1677868169172525
20,148,0,6.6695196459846553
20,149,0.5,2.9818855966335018
20,150,1.8,6.7384880468960384
20,151,0,6.1168180072392566
20,152,18.699999999999999,4.9590584340493917
20,153,0.90000000000000002,4.9673800857883084
20,154,7.7999999999999998,3.7513082491643086
20,155,0,6.03044604552362
20,156,0,6.1369638728316884
20,157,0,6.2167862358068282
20,158,0,6.4247854988670206
20,159,0,6.5425308235465964
20,160,0,7.2982479587419702
20,161,0,7.0100220493330143
20,162,0,7.410957239604036
20,163,0,8.097799312439717
20,164,0,8.2074415305651929
20,165,0,6.0235440290184927
20,166,0,7.3888015591021574
20,167,0,9.1075719904362895
20,168,0,9.0045541913246012
20,169,7.0999999999999996,7.3869152688828272
20,170,0,8.0019013658761047
20,171,1.1000000000000001,5.6038876378457161
20,172,0,6.9189278706799424
20,173,0,8.6479144415921141
20,174,0,7.3274025080634129
20,175,0,7.3118111738722567
20,176,0,7.9544565719219804
20,177,0,7.0599644882965542
20,178,0,4.8072109393681499
20,179,0,6.5655871003021256
20,180,4.7999999999999998,3.3227055546146942
20,181,1.3,7.7299700752189331
20,182,0,7.1592514422409845
20,183,0,5.8850545542289918
20,184,0,6.8297137603606553
20,185,0,6.3368759231164784
20,186,0,8.4073060419919834
20,187,0,7.6427048492181449
20,188,0,7.6866638425437861
20,189,0,8.2994694510184246
20,190,0,9.0958030879219383
20,191,0,6.3830213349931739
20,192,0,7.7523527670417387
20,193,14.5,6.3347459289605901
20,194,0,8.2841295458019317
20,195,2,7.3270934693018663
20,196,21.5,6.9368618888951641
20,197,0,7.8048482028274471
20,198,0,6.5005232834932318
20,199,7.2000000000000002,8.0045969189909858
20,200,0,6.8493952440849526
20,201,0,8.0445279268478682
20,202,6.2999999999999998,5.2446596541611301
20,203,0,7.3957309169029202
20,204,0,8.1984035752284612
20,205,0,6.5506529811083034
20,206,0,4.1829171733046255
20,207,0,7.3950629397577359
20,208,0,7.9653324989222387
20,209,0,8.4179683178541556
20,210,0,6.5087177075044442
20,211,0,7.9135360156461481
20,212,0,7.598994764831227
20,213,0,7.6762125785677098
20,214,0,7.288264288769529
20,215,0,8.502408554068948
20,216,0,7.923137632198352
20,217,0,7.1922631266795456
20,218,0,5.5710347738657475
20,219,0,7.6331126074842039
20,220,0,7.611190451405097
20,221,0,5.3473850225133521
20,222,6,3.6880099559110633
20,223,2.5,2.7791966939375827
20,224,0,4.8106590692681586
20,225,0,5.5015214999923199
20,226,0,2.9752803638464504
20,227,0,4.9733500754718429
20,228,0,2.4549214082852036
20,229,0,5.1085743559423911
20,230,0,4.8935085059195806
20,231,0,7.6765523103516662
20,232,0,4.6121492653764768
20,233,6,2.0008465872871861
20,234,0,5.3677725730085237
20,235,0,4.9318267329697152
20,236,0,6.4229913997069161
20,237,0,6.2493880389777994
20,238,0,7.1014242463795778
20,239,0,5.6410681568743515
20,240,0,5.3752177138425594
20,241,0,3.2747946437025246
20,242,0,5.0842070233938212
21,121,3,3.6111293759159242
21,122,0,5.9870164642947037
21,123,0,4.2994364931513651
21,124,0,4.8711573845135456
21,125,0,6.0017529840434829
21,126,0,4.7163546032601804
21,127,0,4.3630242080152453
21,128,0,5.1732559078432621
21,129,0,4.6104124902365005
21,130,3,4.3286701389748243
21,131,4.5999999999999996,4.6521039400080246
21,132,0,4.8581564241938331
21,133,29.699999999999999,5.5744836576657057
21,134,19.600000000000001,3.6268443678134386
21,135,0,5.3618955908222574
21,136,4.2000000000000002,4.8566978696896275
21,137,0.80000000000000004,1.8526029596084947
21,138,0,8.3541376551516731
21,139,12.1,3.4410036332466927
21,140,0,6.3822371051978664
21,141,0,5.7284500480305152
21,142,16.100000000000001,4.4486001532360611
21,143,4.7000000000000002,4.5574554941336656
21,144,2,3.6037249332168457
21,145,0,6.902425722471742
21,146,0,7.2561060458093269
21,147,0,6.8811030294102977
21,148,0,7.0123633331368245
21,149,0,6.7477156839958674
21,150,0,5.2149747887070879
21,151,0,6.8253624343543864
21,152,18.800000000000001,3.0456537488146163
21,153,0,5.396242598883684
21,154,0,5.6682345765395725
21,155,0,2.8287070256411058
21,156,2,4.4424529582295662
21,157,0,7.0656916712406277
21,158,0.80000000000000004,5.419496341584968
21,159,0,6.3775745150567236
21,160,0,9.3928040699074717
21,161,0,6.9654896717988484
21,162,0,6.9785531651709443
21,163,2.5,1.7952462452253402
21,164,6.2999999999999998,3.8708664865517375
21,165,0,8.2348152691192151
21,166,0,7.6967114914651322
21,167,0,6.5553332547514271
21,168,16.199999999999999,4.9971798007070287
21,169,0,6.9057028727895577
21,170,0,7.3905447631339127
21,171,0,7.2994279971614286
21,172,0,7.7986443113265072
21,173,0,6.0565608414023959
21,174,0,8.3709508199726166
21,175,51.299999999999997,3.2519339056750951
21,176,0,7.5011347994974535
21,177,0,7.4019219906609877
21,178,0,8.6267838295926396
21,179,0,6.8131594542481118
21,180,0,7.3567536958259598
21,181,0,6.195229012015897
21,182,0,7.836669164131659
21,183,3.7000000000000002,5.9879581877230557
21,184,0,7.3021680902442947
21,185,0,5.5436974746063719
21,186,4.2000000000000002,4.5735335638588337
21,187,0,6.7703016011416821
21,188,0,6.9746533909236925
21,189,37,3.6879450277091479
21,190,3.2999999999999998,6.1918816732401023
21,191,3.2999999999999998,5.1581206506240527
21,192,2.8999999999999999,6.0887358932401785
21,193,0,6.9672355409624025
21,194,0,8.9253272086968494
21,195,0,8.110198116209002
21,196,3.3999999999999999,5.7116164039385868
21,197,0,7.0381702924557512
21,198,0,6.536433778970248
21,199,4.4000000000000004,5.6803325531463047
21,200,16.100000000000001,5.6345090469181933
21,201,0.40000000000000002,7.4395124196543607
21,202,0,7.2960211935335062
21,203,0,8.0250516786148864
21,204,0,8.4251697955774958
21,205,0,9.2251331426451184
21,206,0,7.5692876730518899
21,207,0,4.9140910571070826
21,208,0,6.9695594276813644
21,209,0,5.8449600274608038
21,210,0,3.5931439357627175
21,211,0,8.2335291948595764
21,212,0,6.3843945669706832
21,213,0,7.5960782159899853
21,214,0,7.4110499150732405
21,215,8.8000000000000007,4.5405473602982234
21,216,0,7.1544802239418619
21,217,0,3.0570672047824088
21,218,0,6.1517626812032198
21,219,3.2000000000000002,5.0673896421104327
21,220,0,6.6579880329173831
21,221,0,6.9703137197820553
21,222,0,5.450656324674009
21,223,0,7.0049447620998224
21,224,8.4000000000000004,6.0278067338815386
21,225,0,6.1208769427180059
21,226,0,4.7503085027305492
21,227,0,5.6028638630139351
21,228,6.2999999999999998,4.2438778380194542
21,229,10.1,5.005293910994979
21,230,10.4,6.9376506451492528
21,231,0,4.43228558215006
21,232,0,3.5816899544018233
21,233,0,5.0919182927372626
21,234,0,6.6810872858601904
21,235,0,7.496766936648438
21,236,0,5.5973564620572969
21,237,0,6.5338644964459096
21,238,0,7.9669225931953278
21,239,0,5.2757038524529873
21,240,15.699999999999999,5.5647458819190376
21,241,0,6.1202287304450662
21,242,12.6,5.5235287996149651
22,121,0,4.6214130990186053
22,122,0,5.2318735786334134
22,123,0,3.9008561734109422
22,124,0,7.6388828241458695
22,125,0,5.6258028932001407
22,126,0,5.3731971300955763
22,127,0,5.4992223116227557
22,128,0,5.6464426005613291
22,129,0,4.4183679280197472
22,130,0,3.5775444394166573
22,131,0,4.6061913664686704
22,132,0.69999999999999996,1.8166786310803513
22,133,0,4.4846767602025093
22,134,0,4.0117494888253296
22,135,0,5.4285481091841916
22,136,3,3.6865515378035063
22,137,6.5999999999999996,3.8034526022947039
22,138,0,5.6188767875371877
22,139,0,7.2756654223289541
22,140,0,5.5819231734187671
22,141,0,7.642911573679811
22,142,0,5.5904791288171456
22,143,0,4.6812671955593999
22,144,0,4.0058183855011729
22,145,0,5.5661234837372628
22,146,0,6.96459548540144
22,147,0,7.3505176880381233
22,148,0,6.3978023817078773
22,149,0,8.4748853800618065
22,150,0,8.7980220915590639
22,151,0,5.3553288482010517
22,152,3.1000000000000001,4.5319349361822203
22,153,0,2.2419183702561742
22,154,0,5.6462682200029404
22,155,5.7999999999999998,3.3377614547248449
22,156,2.5,2.7373653546131633
22,157,3,4.9829317426133724
22,158,0,7.256936861783557
22,159,0,7.9350766332905263
22,160,1.3999999999999999,2.2651158780223621
22,161,0,5.4963606372585492
22,162,0,7.4409192159967397
22,163,0,7.25356727597228
22,164,5.7000000000000002,6.550276616501308
22,165,9.0999999999999996,3.2071786677903957
22,166,13.699999999999999,5.2541308261859703
22,167,0,5.4233916751357754
22,168,0,6.6788768360486754
22,169,0,6.1552751305944016
22,170,0,8.1182974021651937
22,171,0,7.916491833591353
22,172,0,6.240076104714694
22,173,0,5.9653429418073625
22,174,0,5.1803633945104082
22,175,0,7.0004399810808806
22,176,0,7.5727072064675944
22,177,0,6.2731707384226247
22,178,0,7.9813731875358904
22,179,0,8.0975469032116951
22,180,0,8.0676107606073799
22,181,0,7.1185584353119316
22,182,0,8.3368779108073241
22,183,0,7.1399044827121783
22,184,0,8.686433380087248
22,185,0,6.2203578029766868
22,186,0,7.46870167031771
22,187,0,9.2230132875641928
22,188,0,7.1104146401447057
22,189,0,8.0000809587546513
22,190,0,7.1425382906140209
22,191,0.90000000000000002,7.1289752405897868
22,192,2,4.4178398289382983
22,193,0,5.28605355451809
22,194,0,9.6118741444277696
22,195,0.80000000000000004,7.4242486118830833
22,196,0,6.5866229733101678
22,197,0,6.8490023388575576
22,198,8.0999999999999996,2.4740429325138642
22,199,0,4.4643186523536427
22,200,0,7.4760471237896846
22,201,20,5.1551682090213991
22,202,4.5999999999999996,5.9510746957518563
22,203,2,6.1641200629714161
22,204,0,5.4252475836655254
22,205,0,6.9981096003043319
22,206,0,8.7670858241175562
22,207,2.2999999999999998,5.7936204862202212
22,208,6,6.7908684250892053
22,209,4.7999999999999998,5.2447377554004824
22,210,0,6.4877413290398023
22,211,0,7.1541391946386206
22,212,0,6.2292961301954479
22,213,0,7.476165883060478
22,214,0,7.2544943535511948
22,215,16,5.7930701970598442
22,216,0,6.1093200018239067
22,217,0,7.3955024958123277
22,218,0,7.0039632066262776
22,219,0,5.4293994987743623
22,220,0.5,4.3627812884317203
22,221,0,3.4540226302981276
22,222,0,6.7840825925373487
22,223,0,5.861080428483775
22,224,16.699999999999999,5.9990328152162578
22,225,2.6000000000000001,5.9302889975846762
22,226,9.5,5.5801705705744542
22,227,0,6.757867207685754
22,228,0,6.2657013416999572
22,229,0,6.8722330737407979
22,230,0,6.4242420066041444
22,231,0,5.8979669440476741
22,232,0,6.4130474408079401
22,233,0,4.5989879452518432
22,234,0,5.4200880286273723
22,235,0,5.6029836387532956
22,236,0,5.9614004146313491
22,237,0,6.5538048627969703
22,238,0,5.6141452820114086
22,239,0,7.1367959859970727
22,240,0,5.3507076266994869
22,241,0,2.0579141335381488
22,242,0,4.8412894241138504
23,121,41.5,0.59955115772735534
23,122,16.399999999999999,5.0234419812084106
23,123,0,6.0358632439436279
23,124,0,4.8427320249344961
23,125,0,3.9777601114491583
23,126,0,5.7070391478182909
23,127,0,5.711902329715647
23,128,0,2.6570494280113857
23,129,0,4.1271954217939495
23,130,19.899999999999999,2.7806955220463836
23,131,0.5,3.1208432415535787
23,132,0,8.121009606855301
23,133,0.5,2.1783911810956953
23,134,3.8999999999999999,4.2660992910347355
23,135,18,3.9350503076230359
23,136,5.0999999999999996,2.9667637834041374
23,137,17,1.2540929807311558
23,138,20.600000000000001,3.9338691795931169
23,139,0,3.0915430472219878
23,140,8.0999999999999996,2.7670779435465009
23,141,8.6999999999999993,3.8783429391330575
23,142,0,6.2244533835342102
23,143,4.4000000000000004,5.9019849559317183
23,144,11.1,5.2322285049795072
23,145,0,5.5605841798429676
23,146,0,5.9002625885352842
23,147,7,6.8686883403027075
23,148,0,7.053633069450191
23,149,1.3999999999999999,2.6136395583133085
23,150,0,7.242601705661933
23,151,0,6.367403347486003
23,152,0,7.9212605599209693
23,153,0,6.4481467726018087
23,154,0,6.7341571770467965
23,155,0,8.2266805392729534
23,156,0,6.3218961588149316
23,157,0,6.4100390525536382
23,158,0,7.2463512829405534
23,159,1,3.1947214638474146
23,160,0,8.0826586266285183
23,161,0,6.5305634529477938
23,162,1.5,6.7244179034908544
23,163,0,6.6134217376027227
23,164,0,5.9290100048325698
23,165,0,6.4665515813499681
23,166,23.399999999999999,7.4006717874691539
23,167,3.6000000000000001,6.5731335291641741
23,168,1.1000000000000001,4.6362649000690865
23,169,0,7.3020778814114093
23,170,0,5.4166338610292177
23,171,0,8.8875907340534859
23,172,2.6000000000000001,1.4586630600342212
23,173,0,5.2807028516400498
23,174,0,7.6568232794162485
23,175,0,7.3385726159855666
23,176,9.1999999999999993,2.1364878582629085
23,177,0,6.4646661108550436
23,178,0,6.9530733116068886
23,179,0,5.8201532171129884
23,180,4.7000000000000002,4.7389646151035532
23,181,4.5,6.7956726831694532
23,182,4.2000000000000002,5.3919660160118354
23,183,0,3.5563199251780597
23,184,2.2000000000000002,5.8850304594663703
23,185,0,7.6795287189776307
23,186,2,7.2511561096073684
23,187,0,9.3330157626078147
23,188,0,7.4675017640550756
23,189,0,6.463831428296654
23,190,0,8.8528804038422759
23,191,3.7999999999999998,6.6063283598215436
23,192,0,7.7554496079238042
23,193,0,8.6905063535540279
23,194,0,7.2405369011913248
23,195,0,6.7517513111891052
23,196,0,6.2150269593993483
23,197,0,5.8762484136796704
23,198,0,7.712913949056948
23,199,65.299999999999997,5.8987982995642856
23,200,0,7.8978086870664761
23,201,2.6000000000000001,2.6065812183965522
23,202,0.40000000000000002,6.2376383221813798
23,203,0,6.2680450173707207
23,204,0,6.9923149673135399
23,205,0,8.5201915576125451
23,206,14,3.5971646460012403
23,207,0,5.5085428460947092
23,208,0,6.0779400885410979
23,209,0,7.6658334209785259
23,210,11.800000000000001,7.172733819828359
23,211,0,3.929233892569858
23,212,0,6.8507192351332833
23,213,10.1,4.9287694690786905
23,214,9.5999999999999996,3.2743419482312976
23,215,0,8.1625576526483261
23,216,0,7.4179086933882914
23,217,0.69999999999999996,6.4992237190221509
23,218,30.600000000000001,5.9736576856390737
23,219,0,6.1401397398801008
23,220,0,3.3156604902851061
23,221,0,6.7687109126437708
23,222,0,8.339749206987868
23,223,4.5,4.4112744791659635
23,224,5.5,5.611932293713096
23,225,4,7.0133745828654188
23,226,0,4.3035959968873874
23,227,0,6.7084487936950445
23,228,0,7.9851509157077487
23,229,0,5.9725141081038426
23,230,0,6.9755408385633757
23,231,0,7.0207155510136285
23,232,0,5.9155914367266842
23,233,15.4,3.7218192992295864
23,234,1.1000000000000001,6.9309393027302892
23,235,8,4.2372466730117759
23,236,0,6.2331578894498403
23,237,8.1999999999999993,6.3425271254144127
23,238,0,6.0886187849843925
23,239,15,4.2642511978872717
23,240,0,1.9769299535250091
23,241,4,2.8507174111460638
23,242,0,6.2493294573715596
24,121,0,4.9391667155333554
24,122,0,4.343250695608937
24,123,0,5.4898003219061708
24,124,3.8999999999999999,0.78720020334730212
24,125,22.699999999999999,4.5422073101812108
24,126,7.5999999999999996,4.0861005768198142
24,127,1,3.0819785974367084
24,128,0,7.2647727668076616
24,129,1.2,2.8574196413451016
24,130,7.5,4.6697269635148491
24,131,0,6.8134220982951792
24,132,0,5.1830516450001767
24,133,0,5.8081246201056498
24,134,0,5.0578998941333619
24,135,0,5.8030019255716274
24,136,0,2.5453962658205556
24,137,0,3.8198443224156717
24,138,0,7.0407526516602346
24,139,0,6.8092967692680375
24,140,0,6.4007139262548582
24,141,0,3.6010312732286112
24,142,0,7.5039352790171492
24,143,0,7.0111849963368833
24,144,5,1.2630809048233833
24,145,1.8999999999999999,3.9586504080741398
24,146,11.800000000000001,5.2774844257680122
24,147,6.5999999999999996,4.765150141306794
24,148,1.6000000000000001,4.0440116672300022
24,149,0,5.2355191149934921
24,150,0,7.8526538945480908
24,151,0,9.208514964011794
24,152,0,5.7740267414484867
24,153,0,6.6587478884954665
24,154,0,5.8247159487985503
24,155,0,5.7160627036727938
24,156,0,6.0455143087958803
24,157,7.2999999999999998,6.0935061881843211
24,158,0.90000000000000002,5.724015069807467
24,159,8.3000000000000007,4.574456869791633
24,160,1,6.4215588050726664
24,161,0,6.4542552493106511
24,162,0,7.4008574330817209
24,163,0,7.0074046942568096
24,164,2.2999999999999998,6.7525987868943371
24,165,1.1000000000000001,7.4301542546158874
24,166,0,7.3743250733507946
24,167,0,6.0602355144797055
24,168,11.5,5.7691065585991739
24,169,0,8.6988213745916863
24,170,0,6.6699227885241896
24,171,0,7.5545938660898821
24,172,12.199999999999999,5.9604094886278443
24,173,33,3.251974768711253
24,174,0,8.9919454911211716
24,175,0,7.0898125650935935
24,176,0,6.5787438474010216
24,177,0,6.9857465821665787
24,178,10.1,5.0564344400356864
24,179,0,7.3824142297934801
24,180,0,6.8823989120472735
24,181,1.1000000000000001,6.9570477234260251
24,182,0,4.4929386324426552
24,183,0,3.6328423504197849
24,184,0,4.8548497136200002
24,185,1.6000000000000001,4.3282425272396683
24,186,0,6.4370503209558345
24,187,0,7.0565000343660902
24,188,0,5.2807849273497078
24,189,0,6.7125929224715453
24,190,0,6.675780947733891
24,191,0,8.2283964191506804
24,192,16.399999999999999,6.1545409905106947
24,193,9.5,4.2768414973123621
24,194,14.4,7.6950833053863423
24,195,0,8.3148855326377742
24,196,0,8.7330372401108693
24,197,0,8.2536160835277421
24,198,0,6.9606286147831566
24,199,0,8.0876663439316427
24,200,0,7.0686640867709976
24,201,0,9.1307972670367779
24,202,0,8.7244363978017549
24,203,0,6.9504676751646173
24,204,0,6.21244527806458
24,205,18.399999999999999,7.2802584755185791
24,206,0,8.465939535279519
24,207,0,6.9179488302253116
24,208,0,7.5462398344255615
24,209,0,6.8820037790891568
24,210,4.5999999999999996,6.8134850179802111
24,211,21.899999999999999,6.5039115087356532
24,212,0,7.4288042351727546
24,213,3.2000000000000002,5.8492857981162842
24,214,0,6.3139772354988146
24,215,0,7.1711918809899018
24,216,0,6.846472530142802
24,217,1.8,5.8813470607287535
24,218,1.1000000000000001,6.2258675355527568
24,219,9.0999999999999996,4.7254458337586849
24,220,0,7.2506297111105358
24,221,0,5.8948745943418013
24,222,16.100000000000001,6.5043333941385075
24,223,1.1000000000000001,4.1184847993605125
24,224,0,6.6076750237084321
24,225,0,4.3309959803801821
24,226,0,6.04531246306151
24,227,3.6000000000000001,5.7394004029546437
24,228,0,6.7679693383407367
24,229,0,6.4079938076382259
24,230,0,4.4390948377370716
24,231,0,6.3865904142624856
24,232,0,6.0934336201039319
24,233,0,6.6896105976394651
24,234,0,5.4959576689533733
24,235,0,7.5697305261005958
24,236,0,5.8717196483321228
24,237,0,6.3663400177583735
24,238,0,4.5529645083369683
24,239,0,6.2278815819739179
24,240,0,6.9720642521833955
24,241,0,4.3562501430716267
24,242,0,6.4649335803190118
25,121,0,6.0238441118656283
25,122,0,4.0122443266133692
25,123,0,4.2561486163449569
25,124,1.2,6.2127684959363441
25,125,0,7.4833329108336599
25,126,0,4.6171860178671214
25,127,0,7.0116263558791072
25,128,0,5.18190070207263
25,129,0,3.2823475561241668
25,130,1.5,1.4557768836079974
25,131,3.1000000000000001,3.6351637914897532
25,132,0,5.3437558080565903
25,133,0,5.793410216897839
25,134,0,8.1305094484303897
25,135,23.699999999999999,2.6249412472774116
25,136,5.0999999999999996,5.9327154425265434
25,137,0,7.0288903361412274
25,138,0,5.5757817076750742
25,139,0.69999999999999996,6.6597570424484944
25,140,7.5,6.3912073396543825
25,141,1,3.892610404277641
25,142,0,6.6791141480008411
25,143,0,6.2426430350032085
25,144,0,5.7481492629246906
25,145,0,5.8793184381638817
25,146,0,5.77472508737194
25,147,4.9000000000000004,2.908496443418473
25,148,2.1000000000000001,6.6233230846074616
25,149,0.69999999999999996,4.8152429419465479
25,150,0,5.7117555702680338
25,151,0,4.3550890983895858
25,152,0,5.7423347568036167
25,153,0,6.9671720764066505
25,154,1,4.6209662396266626
25,155,21.5,4.8308586560376829
25,156,0,7.9595283844363252
25,157,0,6.666848349116167
25,158,4.5,5.3231618784605974
25,159,0,8.436489362384318
25,160,0,6.442113017562459
25,161,0,7.2559762643475647
25,162,0,7.5832351785658769
25,163,0,7.4905918222954178
25,164,0,7.2343972023044616
25,165,0,5.6090284454500621
25,166,0,7.4996915265991202
25,167,0,6.7724788189775094
25,168,5.9000000000000004,7.1945858820216761
25,169,0,7.2239613807693299
25,170,0,7.6874888603232527
25,171,0,7.4448812589955615
25,172,0,4.5306429807115656
25,173,1.3,4.8633712754660943
25,174,0,3.00639162500116
25,175,0,5.4992956290487385
25,176,0,7.7087335231868028
25,177,0,6.6060101549287866
25,178,0,6.2183275338551516
25,179,7.7000000000000002,5.4046234891805014
25,180,2.5,7.1907939909764931
25,181,1.1000000000000001,7.4446585887538941
25,182,13.6,7.0590399824237693
25,183,10.300000000000001,4.5873112413333219
25,184,0,5.7539104322368084
25,185,0,8.8797445459063802
25,186,0,5.620431795066068
25,187,0,7.8315096016450676
25,188,0,9.2243561315035674
25,189,0,3.4605842886840761
25,190,0,8.790266868006503
25,191,0,6.9369685288760907
25,192,0,6.9934821050269615
25,193,0,8.1289875833132523
25,194,0,8.2575661669864076
25,195,0,8.5596519146961718
25,196,0,4.1929673292725349
25,197,0,6.3723824057162872
25,198,2.8999999999999999,7.202764610451716
25,199,0.40000000000000002,4.0768496441209825
25,200,0,9.1640313994274578
25,201,0,6.3007915066514038
25,202,12.6,5.4640903647455712
25,203,0,6.7800754724559669
25,204,0,8.7876076483680059
25,205,0,8.1190761560800482
25,206,0,7.6298234581783726
25,207,0,7.9045787068621856
25,208,0,9.1054408329547432
25,209,0,7.7519927957027228
25,210,4.2999999999999998,4.7812403564564718
25,211,0,7.1815786564081527
25,212,0,6.3714055551567483
25,213,0,6.5670680706982125
25,214,0.59999999999999998,6.4697873278115896
25,215,0,6.9785330961047247
25,216,0,5.0413929603909144
25,217,0,6.8314988764457958
25,218,3.7999999999999998,6.1222114674738677
25,219,0,8.1010085128862954
25,220,0,5.780842420469896
25,221,0,6.7659346689411262
25,222,0,7.409168064385355
25,223,0,7.2560305192637653
25,224,0,7.3161774073392367
25,225,0,5.6494283206628477
25,226,0,5.1765852672168924
25,227,0,7.0807027891675869
25,228,0,5.9051252560377225
25,229,0,7.3576800224502046
25,230,0,5.0153390391142683
25,231,0,7.2550912156388367
25,232,0,8.1978536163488354
25,233,0,5.6769561138567415
25,234,0,6.9621091558349342
25,235,0,5.2544066550894133
25,236,0,4.6370714641875299
25,237,0,4.9659554797789092
25,238,0,3.5055647031110007
25,239,0,6.2003814338913728
25,240,0,7.8171280684660633
25,241,0,5.4869153266480097
25,242,0,7.0035714197020162
26,121,0,2.9331248012741229
26,122,0,2.8601205268538474
26,123,0,1.5474745657214597
26,124,0.90000000000000002,3.2581349610904224
26,125,12.800000000000001,1.6648511472015839
26,126,0,5.8711274057575373
26,127,0.69999999999999996,4.0468527692980807
26,128,57.899999999999999,4.5876970431235469
26,129,0,5.2386468179487364
26,130,0,3.1884999228188535
26,131,0,6.0565554069870222
26,132,0,4.9476610530964003
26,133,0,5.6146480655027036
26,134,0,5.798352731693635
26,135,0,7.2042674365832564
26,136,0,4.7337398594278284
26,137,36.299999999999997,3.924996978180598
26,138,15.4,3.0554361953978568
26,139,11.1,3.7806227892771207
26,140,3.5,6.1022474240625817
26,141,0,5.8369296777893185
26,142,0,5.6500146247149647
26,143,12.6,1.6767414277539379
26,144,1,4.2014838760476829
26,145,5.4000000000000004,4.3936879584675639
26,146,0.90000000000000002,5.9086131435571385
26,147,4.7000000000000002,5.883993208307305
26,148,0.90000000000000002,3.1778673226784671
26,149,0.5,3.8555153915752767
26,150,0,4.6492652844697471
26,151,0,5.4428796214476591
26,152,0,6.7138683987740482
26,153,0,4.3424869143142537
26,154,0,5.8236166402761151
26,155,0,6.9543182403052501
26,156,1.2,5.2017911466233393
26,157,0,5.8032285768890892
26,158,0,7.1229842698339016
26,159,0,8.0548895241702194
26,160,18.399999999999999,5.4336290577743869
26,161,0,7.878430885623172
26,162,2.5,6.2609100063840684
26,163,0,7.0119042554759874
26,164,2.5,6.1423306492922647
26,165,1.1000000000000001,7.165741678890285
26,166,2.7999999999999998,5.8808656876932321
26,167,0,6.0179943538918277
26,168,0,5.4004870920811472
26,169,81.799999999999997,2.9825712949055565
26,170,0,6.5137785331306075
26,171,17,6.5941006183031687
26,172,26.300000000000001,4.7286242478652269
26,173,0.80000000000000004,6.735313413198126
26,174,3.7000000000000002,3.1895994014479214
26,175,0,6.9322261829652909
26,176,0,4.7983839676804383
26,177,1.1000000000000001,6.5388329966545342
26,178,4,5.2890977251758695
26,179,1,5.5265378899515429
26,180,0,7.7240310367187401
26,181,0,7.0889012903529522
26,182,0,7.6652645309174705
26,183,0,7.4745710773717544
26,184,0,6.2898361920411823
26,185,2.2000000000000002,4.3603719703207
26,186,0,7.7659322366193324
26,187,0,6.4789952945845313
26,188,0,6.9647190724180286
26,189,0,7.3329617271502228
26,190,0,6.4415932907359217
26,191,0,4.1191095958010795
26,192,2.3999999999999999,6.6782811048871027
26,193,1.8999999999999999,2.7407575817522356
26,194,0,8.0719454119498231
26,195,12,5.7011118666082456
26,196,0,7.3628943309926438
26,197,0,6.2219276863965174
26,198,0,7.7335787821267674
26,199,0,4.1980729288695757
26,200,3,6.5438797449006652
26,201,36.799999999999997,7.397023632247647
26,202,0,7.7672839747851494
26,203,0,7.5816867721043462
26,204,0,7.9898249485146149
26,205,4.0999999999999996,4.9008553479974486
26,206,0.5,5.1740198685150691
26,207,1,3.7568020030380431
26,208,0,6.9364121583127725
26,209,3.1000000000000001,7.4328046578360354
26,210,0,7.680129281732043
26,211,0,4.576189584835209
26,212,0.69999999999999996,4.5513931006204009
26,213,6.7000000000000002,7.6325075439816619
26,214,4.2000000000000002,5.6359140853541119
26,215,0,5.619556841295192
26,216,0,5.3378424369674615
26,217,0,6.7514120425632154
26,218,0,6.9718028302916268
26,219,0,5.228549694286805
26,220,0,8.0091178812890451
26,221,0,6.8572952643027749
26,222,0,6.677520747659127
26,223,0,5.2378273981250079
26,224,0,6.5348214838470833
26,225,0,5.8652076855494606
26,226,0,4.8499579875503098
26,227,0,8.1941227396098526
26,228,0,6.0934843192031787
26,229,7.9000000000000004,4.6313547841458238
26,230,20.899999999999999,6.5814861409805765
26,231,0,5.398979604382717
26,232,1,4.9007836969258145
26,233,0.90000000000000002,6.0909639399677395
26,234,0,5.4772791015755624
26,235,0,4.9147050057186634
26,236,0,6.3468620479857041
26,237,0,4.7780561159844144
26,238,0,4.1275441967918765
26,239,0,4.7274416791648095
26,240,0,5.8735169491440997
26,241,0,6.1518899513389558
26,242,0,6.3543062267266119
27,121,0,4.4086557342694261
27,122,0,6.3343320104326013
27,123,0,6.2413994179021115
27,124,0,5.8746545095906377
27,125,1.1000000000000001,3.0031721963691167
27,126,3,2.8857988924737463
27,127,9.3000000000000007,1.4258077027062366
27,128,0.69999999999999996,5.2073340204686938
27,129,4.7000000000000002,4.324429973707252
27,130,26.800000000000001,5.1438032045276163
27,131,9.0999999999999996,1.8223149560519922
27,132,0,5.3124177417462208
27,133,0,6.897892583320318
27,134,2.3999999999999999,0.97796127548016853
27,135,15.4,4.3323616752476806
27,136,0,5.6025813349171987
27,137,0,4.9769967295727602
27,138,0,5.1276903875478901
27,139,0,2.215396096089143
27,140,13.199999999999999,5.386154128650988
27,141,0,7.11061389229274
27,142,0,6.7212322875300092
27,143,0,5.8109361922383469
27,144,1.2,2.7541700972322114
27,145,0,5.3009069590353999
27,146,8.5999999999999996,3.8632410501955801
27,147,0.5,6.8145774465783902
27,148,0,6.9018692824720915
27,149,0.90000000000000002,4.4705674280823278
27,150,2.2000000000000002,6.8482933859704396
27,151,0,5.3159347107610309
27,152,2.7000000000000002,6.9441225452262447
27,153,13.800000000000001,3.4486102686033
27,154,18.899999999999999,8.6999065054890217
27,155,0,7.9592100897786855
27,156,0,6.2240772849724513
27,157,35.5,6.6694077088954549
27,158,8.9000000000000004,4.0432786054016931
27,159,0,6.2447779590004719
27,160,0,6.4397367924978948
27,161,0,6.7505248265646705
27,162,0,7.0851818202080539
27,163,0,7.3849950734131555
27,164,0,7.4441330652562332
27,165,0,6.7349705859303768
27,166,0,4.5105770356927701
27,167,0,6.3626572802016961
27,168,0,6.6579697551032169
27,169,0,7.8582070165873104
27,170,0,6.9615301317340625
27,171,17.5,5.6588229914099397
27,172,1,3.6154900626544801
27,173,0,4.5399202954955165
27,174,0,6.779268399917413
27,175,7.5999999999999996,3.5948980222408391
27,176,0,7.691987069126438
27,177,0,7.390794278391736
27,178,0.90000000000000002,5.6682133346013694
27,179,3.7000000000000002,5.3617346933245678
27,180,0,4.9649547224301394
27,181,0,7.5936041649422545
27,182,0,8.0600951101018321
27,183,0,6.8068294683347066
27,184,0,7.5212551325131756
27,185,20,4.6101635890488613
27,186,1.7,6.3976315566664521
27,187,3.2999999999999998,6.6417065457153175
27,188,0.90000000000000002,3.6265054342113716
27,189,0,6.7591570016878286
27,190,0,7.3051025833407186
27,191,0,4.75731029858607
27,192,2,7.5481974456017848
27,193,0,7.0929841321860341
27,194,0,8.3559434186748422
27,195,0,6.7441310544336632
27,196,10.300000000000001,4.2310694207820694
27,197,0.40000000000000002,7.178139504334931
27,198,0,8.8345528040221559
27,199,0,8.614779436547904
27,200,0,8.2411443416085675
27,201,4,4.1411366444499933
27,202,0,3.5263844906883102
27,203,0,7.8343849196982411
27,204,6,6.5488457158931608
27,205,0.69999999999999996,7.0516647426211829
27,206,6.7000000000000002,2.8036211229462116
27,207,0,8.3167991183854557
27,208,2,8.4380968336934625
27,209,0,6.982777747435966
27,210,0.80000000000000004,5.0570403186123247
27,211,0,8.2663802654431482
27,212,0,7.7127078954110164
27,213,0,7.5598850379517275
27,214,0,7.5373977895360476
27,215,3.3999999999999999,4.7075978658865223
27,216,0,7.1221418443984046
27,217,1,7.051930593099307
27,218,0,7.4880159112211118
27,219,0,6.1956023396075039
27,220,0,6.5073076159635797
27,221,0,5.7713793637310928
27,222,0,6.5447015359794083
27,223,0,6.6746890361619178
27,224,0,6.776532827271855
27,225,6.9000000000000004,5.4754279837127591
27,226,0,6.1356391351173531
27,227,0,6.9605479967228607
27,228,0,6.2450324619629569
27,229,0,8.1313036879691474
27,230,0,6.5909114851343169
27,231,0.59999999999999998,4.4369410934402227
27,232,0,3.9729114843314015
27,233,0,6.4970698118509898
27,234,0,7.5490669384423077
27,235,0,7.9721391297432707
27,236,0,3.504476574139662
27,237,0,6.2394903724301631
27,238,0,6.3236151784935801
27,239,0,5.5774973965519798
27,240,0,5.7179804314348832
27,241,0,5.1520765342161798
27,242,0,5.7063615857890762
28,121,0,5.6063522909250771
28,122,0,5.7871408241701472
28,123,0.90000000000000002,1.7492873524503869
28,124,0,3.6383565388261774
28,125,0,6.5976424877261719
28,126,0,5.2750889577698263
28,127,0,6.3260679666524116
28,128,0,3.8880778753921112
28,129,3.5,3.0451383430671428
28,130,0,3.641793261302154
28,131,40.100000000000001,3.7187536577433566
28,132,0,7.129219209504206
28,133,0,4.9773821437742605
28,134,0,5.8904228879032949
28,135,0,4.2751461224989917
28,136,0,5.2733268370080406
28,137,0,6.5091896651854677
28,138,0,6.8886669456624627
28,139,0,5.8368146074841372
28,140,0,7.5267690291566609
28,141,0,5.4493092442145823
28,142,0,7.0920318454833211
28,143,9.0999999999999996,2.9738528216096896
28,144,0,6.514666650468353
28,145,0,5.9661257434749917
28,146,0.90000000000000002,2.7337355835344921
28,147,0,5.6585832499472524
28,148,0,8.2360886894186134
28,149,0,5.1665217286571297
28,150,0,6.8469900496047718
28,151,0,7.6191255381338978
28,152,0,4.8258654595914923
28,153,0.90000000000000002,5.8672557897611286
28,154,0,6.063151275613218
28,155,0,5.2722244281199035
28,156,0,8.0121905023231843
28,157,0,6.3854454586778076
28,158,0,6.410165242940348
28,159,0,5.5001753447624058
28,160,0,4.6906454415054331
28,161,0,6.7327172353248415
28,162,0,7.5809706316066023
28,163,4.5,3.3355887905042017
28,164,0,7.3203794503232018
28,165,0,6.3396360646640364
28,166,6.2000000000000002,6.2349377048408421
28,167,12.699999999999999,7.2089346325921095
28,168,0,4.7550965061413368
28,169,0,6.3820446100464459
28,170,0,8.7608690589560752
28,171,1.1000000000000001,8.4968869989025197
28,172,3.6000000000000001,3.9670931953227377
28,173,1,5.8157968835472964
28,174,0,5.4916630766274555
28,175,11.699999999999999,6.5315096979163645
28,176,0,8.1541156604868075
28,177,3.8999999999999999,6.4359788777949367
28,178,2.5,7.1073914418537072
28,179,2.3999999999999999,6.5833154851563425
28,180,0,7.595358836094789
28,181,0,7.239521959825808
28,182,0,9.2351926250534859
28,183,7,8.3780955885591819
28,184,0,8.5099479858717313
28,185,0,8.6413394420067906
28,186,0,8.5625602700200005
28,187,0,6.330464997287585
28,188,0,8.3013454319804403
28,189,17.300000000000001,4.9058395231813581
28,190,0,7.5474188651047784
28,191,0,6.7825045458061348
28,192,21.100000000000001,7.7647752220996304
28,193,1.8,6.5919731332258644
28,194,0,8.0039954612170767
28,195,0,7.7638866463477836
28,196,0,6.6974278601991504
28,197,0,8.0610347459414289
28,198,4.4000000000000004,1.8000267914148265
28,199,0,6.2415135134192994
28,200,0,6.3688254453221704
28,201,0,6.5426204582452154
28,202,0,6.7934966481545436
28,203,0,9.0343513310847321
28,204,0,6.8387919825427401
28,205,0,8.9029694807391735
28,206,0,8.2716677723868592
28,207,0,7.6305784484462613
28,208,0,6.8065595533651164
28,209,0,8.630605364028197
28,210,0,6.7053962175780182
28,211,0,6.9057529709181296
28,212,0,7.0265662013653074
28,213,0,5.0595042055110575
28,214,0,5.8215476078646065
28,215,0,6.8424539748397066
28,216,0,7.7926509505891595
28,217,0,6.7658401811771292
28,218,16.600000000000001,5.5142512429561261
28,219,18.600000000000001,5.6517299334495483
28,220,0,6.309018111111353
28,221,0,4.4029271913129424
28,222,0,7.3115679585652122
28,223,0,7.0866967270007732
28,224,0,6.9318545410975902
28,225,0,7.3929946608887711
28,226,6.4000000000000004,6.1185833987367433
28,227,0,8.5781215641476223
28,228,0,6.9544453342844186
28,229,1.5,6.3133477595155369
28,230,0,7.3928891505050132
28,231,0,5.0113867466298947
28,232,0,7.4179274498167977
28,233,0,5.1764985600282856
28,234,0.40000000000000002,2.6499541421063499
28,235,0.59999999999999998,3.9808961531877394
28,236,2.7999999999999998,7.0019290781222931
28,237,0,7.2197277571389451
28,238,0,5.2423970129839716
28,239,0,4.8057131345870436
28,240,0,4.1644071381481167
28,241,0,5.397394442997026
28,242,0,5.3266347372492735
29,121,0,5.7070145297506834
29,122,0,3.0353939533530299
29,123,0,7.8862820743812527
29,124,28.5,2.6550483537657681
29,125,27.899999999999999,3.858093016861273
29,126,0,6.8269625027019885
29,127,0,6.2669129507705401
29,128,0,7.6205127089500744
29,129,0,2.5538272579801622
29,130,0,6.2017197146730911
29,131,4.4000000000000004,2.2460997997957475
29,132,0.59999999999999998,1.978623315471695
29,133,0,6.1158826560524862
29,134,0,6.8870933158006462
29,135,0,6.5762364259561483
29,136,0,3.338253641130934
29,137,0,6.9696015822515625
29,138,0,7.0376737407841743
29,139,0,5.4018407276973415
29,140,0,5.6128610553598204
29,141,0,7.927105879727474
29,142,0,7.6841566903050733
29,143,0,5.3062025798008374
29,144,0,8.0466330285436385
29,145,0,5.8822523290019904
29,146,0,3.8055897904442366
29,147,8.6999999999999993,4.2925989947487047
29,148,27.399999999999999,3.5835557525106405
29,149,2.1000000000000001,5.9115259192679224
29,150,0,6.8827537977232893
29,151,13.4,3.8959851953841502
29,152,1,5.1539446056130469
29,153,5.4000000000000004,3.5222181288300911
29,154,0,5.6984995024573522
29,155,0,6.7047747952209313
29,156,0,5.8322711037534001
29,157,3.6000000000000001,3.2354125882427107
29,158,0,5.6825534281179424
29,159,0,6.9599930025342633
29,160,0,8.7686110293483797
29,161,2.5,4.343120820876976
29,162,0,7.9146580611746398
29,163,0,6.192538142116625
29,164,0,5.065266673917356
29,165,0,5.970850312735946
29,166,0,7.4618187347637885
29,167,0,8.3547518844978157
29,168,2.5,5.7346174453674292
29,169,4.4000000000000004,6.9194993042282089
29,170,0,7.9955036037570828
29,171,0,6.1438679312406261
29,172,0,8.7632388276814801
29,173,0,8.2932475342846406
29,174,2.5,6.658629241705424
29,175,0,8.5921730439752722
29,176,2.7999999999999998,5.8630944166284298
29,177,18.5,7.9004450966786077
29,178,0,8.7281138950826485
29,179,0,7.6675941409703139
29,180,0,6.999631097750366
29,181,0,6.7897406829085334
29,182,0,7.967758135012394
29,183,0,7.2723810922456051
29,184,0,7.4658858667790948
29,185,0.5,6.0253372024049607
29,186,0,7.6782327657718179
29,187,58.200000000000003,6.0730821118626137
29,188,0,7.7478230005703281
29,189,0,7.3496271990392774
29,190,0,8.9392447884209716
29,191,8.1999999999999993,7.8321247086735291
29,192,0,7.7418203885669854
29,193,0,4.9969509885203731
29,194,0,8.4824651263508102
29,195,0,8.1853135017366192
29,196,0,7.1280715097166851
29,197,0,6.3291414751411335
29,198,0,8.1839378462965762
29,199,0,8.102631974311393
29,200,0,3.0496114793656561
29,201,0,8.4267976036121297
29,202,0,7.6943636695633906
29,203,0,8.3338106678440163
29,204,0,7.7134871394583966
29,205,0,5.8848540304069772
29,206,0,6.2964472392782831
29,207,0,8.5401627587018751
29,208,3.3999999999999999,6.2549152260591825
29,209,0,7.5179316888160805
29,210,0,7.9020373242398652
29,211,0,6.2695246446718418
29,212,0,6.887408741727981
29,213,0,5.6204713803257551
29,214,0,7.5192848959591236
29,215,0,4.6939649647784814
29,216,0,7.8830002751213879
29,217,0.5,6.5670038667429331
29,218,7.2000000000000002,3.9366296091068302
29,219,2.5,7.6554859330993033
29,220,21.399999999999999,4.900505099918953
29,221,0,5.0839469372751775
29,222,0,6.6811694973607105
29,223,0,6.7294491384102422
29,224,0,6.8653741639749217
29,225,0,5.5345407095889252
29,226,0,7.3117860235144398
29,227,0,4.3567474847164789
29,228,0,6.3557330899161286
29,229,0,6.5953696300890323
29,230,1.8999999999999999,2.2579691811946314
29,231,0.69999999999999996,5.270180598178495
29,232,5.4000000000000004,2.9234292738665224
29,233,0,3.5303411876292499
29,234,11.4,5.1415907201427125
29,235,0.29999999999999999,6.3696721861972767
29,236,10.300000000000001,5.4767682357958991
29,237,0,6.3424066949796751
29,238,0,4.7582343687072406
29,239,0,5.7046378526142156
29,240,0,5.2075113946356657
29,241,0.40000000000000002,5.4597326790126246
29,242,0,5.6645783120415887
30,121,0,6.6294703822946826
30,122,2.3999999999999999,5.1837920631229908
30,123,4.0999999999999996,2.6519099063044971
30,124,21.899999999999999,0.84099384660643084
30,125,0,2.9881430387292385
30,126,0,7.415996131152526
30,127,3.1000000000000001,1.9306791540299408
30,128,0,6.6740233993827704
30,129,1.3999999999999999,4.9568608813929167
30,130,3.1000000000000001,3.4595279392978884
30,131,0,7.394895608083754
30,132,0,5.7975398774756011
30,133,5.7000000000000002,4.1566055732305696
30,134,2.8999999999999999,3.6516475615367434
30,135,0,5.9346056811258983
30,136,0.40000000000000002,4.0173258864626158
30,137,0,6.3063655086511066
30,138,4.5999999999999996,4.3676737517243787
30,139,2.8999999999999999,3.962640562301615
30,140,0,5.5912249330586388
30,141,0,8.1416857076644611
30,142,0,4.7943907955676917
30,143,19.699999999999999,4.4100456431022756
30,144,0,3.4479461940139946
30,145,19.399999999999999,3.9909507719047763
30,146,0,5.1162629304798131
30,147,0,7.4503016290090098
30,148,0,5.6578328275242775
30,149,0,5.8573254581388303
30,150,0,6.2372227797163351
30,151,0,6.97341606938366
30,152,0,3.9414158684405272
30,153,0,9.194647407918584
30,154,0,8.6751663381197766
30,155,18.5,2.9092294286272224
30,156,5.2999999999999998,4.7661460912556075
30,157,4,5.7974050620232109
30,158,0,8.9515540444907398
30,159,0,6.1736325535354073
30,160,3.5,4.3506166638626276
30,161,0,7.4241094556567209
30,162,1.2,3.551076202816688
30,163,0,5.6017335157384185
30,164,0,7.170932241834711
30,165,0,7.9611753105626315
30,166,0,7.2179995819984342
30,167,13.199999999999999,6.0723776676725061
30,168,0,7.5464882767104324
30,169,0,7.2076046186517155
30,170,6.2000000000000002,3.6294713310991558
30,171,1.3,3.8743341063808119
30,172,0,6.8559602655611824
30,173,0,4.6245763789033374
30,174,0,7.6128953218136015
30,175,0,6.9445972550366575
30,176,0,6.9815641805524749
30,177,0,7.808795885574618
30,178,2.6000000000000001,7.8280286069850202
30,179,2.5,4.4847434780022528
30,180,2.5,4.3278692796199909
30,181,0,7.0822546073377453
30,182,8.9000000000000004,6.6791164631827895
30,183,6.2000000000000002,6.3818019971649935
30,184,0,4.4267899988131916
30,185,0,7.3968105037787701
30,186,0,6.9190403526268884
30,187,0,7.8187157397012328
30,188,15.4,6.282498899256205
30,189,0,8.1668802165192478
30,190,0,7.1392063866933082
30,191,0,7.3806997764213724
30,192,0,5.5526201843740877
30,193,2.2000000000000002,2.1226056459575737
30,194,2,6.4007843689785755
30,195,0,6.9965805993375092
30,196,0,5.8075536847034952
30,197,0,6.0481140713508248
30,198,0,7.9877676996831344
30,199,0,7.488767141478565
30,200,0,7.9283413704539241
30,201,0,7.5023670004973866
30,202,0,5.4456178368358241
30,203,0,6.1230699085131004
30,204,9.3000000000000007,7.4492259401410283
30,205,5.5999999999999996,8.4910999000420979
30,206,0,7.0716448986014626
30,207,0,5.6394964328392998
30,208,0,4.0059593423874862
30,209,0,6.930916271468055
30,210,17.699999999999999,5.0082528373189303
30,211,0,6.8246324036447534
30,212,0,7.4417717147899181
30,213,0,6.0544000351119562
30,214,0,5.0460429478626185
30,215,0,8.2320806025276223
30,216,3,6.6105842565090533
30,217,14.800000000000001,5.0540265335900845
30,218,0,3.1305750811730313
30,219,9.0999999999999996,6.669992991903432
30,220,0,8.3020734908501144
30,221,0,6.3740615920767603
30,222,0,7.7450073561529003
30,223,0,4.2777117668107048
30,224,0,7.3982739240114022
30,225,0,5.4707529441951968
30,226,0,7.1448298902052185
30,227,0,8.0212155714218376
30,228,0,5.3635193605619982
30,229,0,6.792435940174105
30,230,0,6.3018892380157867
30,231,29.899999999999999,3.4786743027804961
30,232,0,7.0704109650880955
30,233,9,2.6920954076780994
30,234,0,6.2776550212450077
30,235,0,4.6591462761140008
30,236,0,6.8099946867221384
30,237,8,5.3893281569536331
30,238,0.40000000000000002,7.5879523966831357
30,239,0,3.5835791977573068
30,240,0,6.5398000461758388
30,241,0,6.9973094443862749
30,242,0,7.1146957815039382
